Total results: 123.;;;;;;;;;;;;;;;;;;;;;;;;;;;
Explore the list of result: (https://impresso-project.ch/app/search?sq=ChsIARACGBMqE2xvY2FsLWVsZ3UtWXRHMEZFLWM=);;;;;;;;;;;;;;;;;;;;;;;;;;;
This data is provided for research purposes only.;;;;;;;;;;;;;;;;;;;;;;;;;;;
;;;;;;;;;;;;;;;;;;;;;;;;;;;
uid;access_right;collections;content;content_provider;country;date;is_content_available;is_olr;is_on_front_page;issue;language;locations_mentioned;nb_pages;newsagencies_mentioned;newspaper;newspaper_political_orientation;newspaper_topics;pages;periodicity;persons_mentioned;province;relevance;size;title;topics;type;year
dunioun-1947-01-04-a-i0028;Closed;local-elgu-YtG0FE-c;[redacted];BNL;LU;1947-01-04T00:00:00Z;N;True;True;dunioun-1947-01-04-a;fr;Dassel|Cologne|Milan|Cologne|Luxembourg|Lorraine|Nancy|Lorraine|France|Luxembourg;1;;dunioun;Patriot;Other;1;na;boulanger Hilaire Houvers|Karl Mersch|Karl Mersch|Charles Sàdoul;na;0.0;877;LE JOUR DES ROIS;tm-fr-all-v2.0_tp19_fr|0.082 tm-fr-all-v2.0_tp24_fr|0.073 tm-fr-all-v2.0_tp26_fr|0.02 tm-fr-all-v2.0_tp28_fr|0.038 tm-fr-all-v2.0_tp36_fr|0.204 tm-fr-all-v2.0_tp41_fr|0.029 tm-fr-all-v2.0_tp43_fr|0.095 tm-fr-all-v2.0_tp47_fr|0.194 tm-fr-all-v2.0_tp55_fr|0.047 tm-fr-all-v2.0_tp87_fr|0.02 ;ar;1947
indeplux-1901-02-08-a-i0017;na;local-elgu-HdO6Ki4c,local-elgu-YtG0FE-c;[redacted];BNL;LU;1901-02-08T00:00:00Z;N;True;False;indeplux-1901-02-08-a;fr;;1;;indeplux;na;na;3;na;Les Bourgmestre;na;0.0;397;Sans titre;tm-fr-all-v2.0_tp24_fr|0.076 tm-fr-all-v2.0_tp61_fr|0.024 tm-fr-all-v2.0_tp64_fr|0.041 tm-fr-all-v2.0_tp95_fr|0.387 tm-fr-all-v2.0_tp97_fr|0.29 ;ar;1901
indeplux-1901-02-18-a-i0015;na;local-elgu-YtG0FE-c;[redacted];BNL;LU;1901-02-18T00:00:00Z;N;True;False;indeplux-1901-02-18-a;fr;Bruxelles|Bruxelles|Florence|Madrid|Madrid|Madrid|Alicante|Gijon|Madrid|Murcie|Palma|Madrid|Cadix|Paris|Madrid|Valence|Madrid|Pékin|Madrid|Madrid|France|Paris|Madrid|Minas|Stein;2;;indeplux;na;na;2,3;na;M. Sanchez Toca|M. Sanchez Toca|M. Cardenas|M. San|M. Santo Maoro|Li Chung-Yin|M. Steed|Lloyd News|M. Max Régi|M. Max Régi|Les Anglais|Les Anglais|Les Boer|Les Boers|Les Anglais;na;0.0;2485;DERNIERE HEURE SERVICE SPÉCIAL;tm-fr-all-v2.0_tp02_fr|0.056 tm-fr-all-v2.0_tp03_fr|0.022 tm-fr-all-v2.0_tp05_fr|0.059 tm-fr-all-v2.0_tp06_fr|0.058 tm-fr-all-v2.0_tp33_fr|0.456 tm-fr-all-v2.0_tp36_fr|0.033 tm-fr-all-v2.0_tp42_fr|0.047 tm-fr-all-v2.0_tp54_fr|0.026 tm-fr-all-v2.0_tp58_fr|0.027 tm-fr-all-v2.0_tp97_fr|0.035 ;ar;1901
indeplux-1901-02-18-a-i0018;na;local-elgu-YtG0FE-c;[redacted];BNL;LU;1901-02-18T00:00:00Z;N;True;False;indeplux-1901-02-18-a;fr;Carthage|Mexique|Venise;1;;indeplux;na;na;3;na;Les Grecs|Les Romains;na;0.0;322;Sans titre;tm-fr-all-v2.0_tp24_fr|0.026 tm-fr-all-v2.0_tp29_fr|0.137 tm-fr-all-v2.0_tp32_fr|0.073 tm-fr-all-v2.0_tp36_fr|0.26 tm-fr-all-v2.0_tp47_fr|0.188 tm-fr-all-v2.0_tp49_fr|0.065 ;ar;1901
indeplux-1902-02-07-a-i0008;na;local-elgu-HdO6Ki4c,local-elgu-YtG0FE-c;[redacted];BNL;LU;1902-02-07T00:00:00Z;N;True;False;indeplux-1902-02-07-a;fr;;1;;indeplux;na;na;3;na;;na;0.0;323;Sans titre;tm-fr-all-v2.0_tp24_fr|0.05 tm-fr-all-v2.0_tp45_fr|0.04 tm-fr-all-v2.0_tp61_fr|0.047 tm-fr-all-v2.0_tp64_fr|0.022 tm-fr-all-v2.0_tp82_fr|0.033 tm-fr-all-v2.0_tp95_fr|0.338 tm-fr-all-v2.0_tp97_fr|0.283 ;ar;1902
indeplux-1904-02-18-a-i0017;na;local-elgu-YtG0FE-c;[redacted];BNL;LU;1904-02-18T00:00:00Z;N;True;False;indeplux-1904-02-18-a;fr;Saint-Denis;1;;indeplux;na;na;3;na;Paris De la Bastille;na;0.0;420;Courrier de Paris;tm-fr-all-v2.0_tp24_fr|0.259 tm-fr-all-v2.0_tp36_fr|0.489 tm-fr-all-v2.0_tp97_fr|0.03 ;ar;1904
indeplux-1905-03-29-a-i0001;na;local-elgu-YtG0FE-c;[redacted];BNL;LU;1905-03-29T00:00:00Z;N;True;True;indeplux-1905-03-29-a;fr;Russie|Paris|Paris;1;;indeplux;na;na;1;na;docteur Richet Devant|M. de Rochas|M. de Rochas|capitaine Mathieu|M. Allard|M. de Rochas|M. de Bellart|Maréchal Ney|M. de Rochas|Georges Montorgueil;na;0.0;1203;Les idées du docteur Richet;tm-fr-all-v2.0_tp18_fr|0.144 tm-fr-all-v2.0_tp19_fr|0.031 tm-fr-all-v2.0_tp20_fr|0.065 tm-fr-all-v2.0_tp26_fr|0.089 tm-fr-all-v2.0_tp39_fr|0.021 tm-fr-all-v2.0_tp49_fr|0.025 tm-fr-all-v2.0_tp55_fr|0.51 ;ar;1905
indeplux-1907-02-11-a-i0026;na;local-elgu-HdO6Ki4c,local-elgu-YtG0FE-c;[redacted];BNL;LU;1907-02-11T00:00:00Z;N;True;False;indeplux-1907-02-11-a;fr;Cologne;2;;indeplux;na;na;2,3;na;;na;0.0;346;Sans titre;tm-fr-all-v2.0_tp18_fr|0.074 tm-fr-all-v2.0_tp24_fr|0.294 tm-fr-all-v2.0_tp26_fr|0.021 tm-fr-all-v2.0_tp31_fr|0.028 tm-fr-all-v2.0_tp36_fr|0.07 tm-fr-all-v2.0_tp49_fr|0.045 tm-fr-all-v2.0_tp85_fr|0.287 ;ar;1907
indeplux-1907-11-09-a-i0030;na;local-elgu-YtG0FE-c;[redacted];BNL;LU;1907-11-09T00:00:00Z;N;True;False;indeplux-1907-11-09-a;fr;Metz|Luxembourg;1;;indeplux;na;na;3;na;M. N. Laux|M. Kuhn;na;0.0;598;Sans titre;tm-fr-all-v2.0_tp37_fr|0.387 tm-fr-all-v2.0_tp49_fr|0.033 tm-fr-all-v2.0_tp96_fr|0.363 ;ar;1907
indeplux-1908-03-05-a-i0026;na;local-elgu-YtG0FE-c;[redacted];BNL;LU;1908-03-05T00:00:00Z;N;True;False;indeplux-1908-03-05-a;fr;;1;;indeplux;na;na;3;na;;na;0.0;34;Sans titre;tm-fr-all-v2.0_tp13_fr|0.03 tm-fr-all-v2.0_tp24_fr|0.055 tm-fr-all-v2.0_tp45_fr|0.043 tm-fr-all-v2.0_tp89_fr|0.043 tm-fr-all-v2.0_tp97_fr|0.08 tm-fr-all-v2.0_tp99_fr|0.03 ;ar;1908
indeplux-1908-03-09-a-i0035;na;local-elgu-YtG0FE-c;[redacted];BNL;LU;1908-03-09T00:00:00Z;N;True;True;indeplux-1908-03-09-a;fr;Nice|Nice;1;;indeplux;na;na;1;na;Annette Damblauae|Mlle Mauricette Demarsay;na;0.0;1139;IV Masques et confetti;tm-fr-all-v2.0_tp04_fr|0.086 tm-fr-all-v2.0_tp09_fr|0.037 tm-fr-all-v2.0_tp18_fr|0.535 tm-fr-all-v2.0_tp24_fr|0.136 tm-fr-all-v2.0_tp52_fr|0.044 tm-fr-all-v2.0_tp55_fr|0.024 ;ar;1908
indeplux-1908-03-10-a-i0023;na;local-elgu-YtG0FE-c;[redacted];BNL;LU;1908-03-10T00:00:00Z;N;True;True;indeplux-1908-03-10-a;fr;Monte-Carlo|Neuchâtel;2;;indeplux;na;na;1,2;na;Pierre SALES|U. de Saint|ami M. Dambleuse|Mlle Annette Dambleuse;na;0.0;1693;36 Feuilleton de l’Indépendance Iuxembg.;tm-fr-all-v2.0_tp04_fr|0.054 tm-fr-all-v2.0_tp18_fr|0.744 tm-fr-all-v2.0_tp19_fr|0.072 ;ar;1908
indeplux-1908-03-12-a-i0002;na;local-elgu-YtG0FE-c;[redacted];BNL;LU;1908-03-12T00:00:00Z;N;True;True;indeplux-1908-03-12-a;fr;Sale|Tonnerre;2;;indeplux;na;na;1,2;na;Pierre SALES|Achille Renaudier|Sophie de Neufchâtel|Mlle Juliette Re|Annette Dambleuss|Achille Renaudier|Sophie de Neuchâtel|Achille Renaudier|M. de Ligneroy|Achille Renaudier|M. de Ligneroy|Achille Renaudier|Annette Dambleuse|Mauricette Demar|M. de Ligneroy;na;0.0;1526;38 Feuilleton de l’Indépendance luxembg.;tm-fr-all-v2.0_tp11_fr|0.035 tm-fr-all-v2.0_tp18_fr|0.576 tm-fr-all-v2.0_tp36_fr|0.184 tm-fr-all-v2.0_tp52_fr|0.025 tm-fr-all-v2.0_tp62_fr|0.038 ;ar;1908
indeplux-1908-03-20-a-i0002;na;local-elgu-YtG0FE-c;[redacted];BNL;LU;1908-03-20T00:00:00Z;N;True;True;indeplux-1908-03-20-a;fr;Paris|Monte-Carlo|Nice|Nice;1;;indeplux;na;na;1;na;Pierre SALES|Catherine Mxibaud|Catherine Marbsud|Hilaire de Nsu;na;0.0;1353;45 Feuilleton de l’Indépendance luxembg.;tm-fr-all-v2.0_tp04_fr|0.091 tm-fr-all-v2.0_tp07_fr|0.046 tm-fr-all-v2.0_tp18_fr|0.662 tm-fr-all-v2.0_tp95_fr|0.034 ;ar;1908
indeplux-1908-03-26-a-i0027;na;local-elgu-YtG0FE-c;[redacted];BNL;LU;1908-03-26T00:00:00Z;N;True;False;indeplux-1908-03-26-a;fr;Monte-Carlo|Neuchâtel|Monte-Carlo|Neuchâtel|Italie;1;;indeplux;na;na;3;na;Pierre SALES|Sophie de Neuchâtel|Annette Dambleuae;na;0.0;1310;50 Feuilleton de l’Indépendance luxembg.;tm-fr-all-v2.0_tp04_fr|0.083 tm-fr-all-v2.0_tp18_fr|0.615 tm-fr-all-v2.0_tp24_fr|0.055 tm-fr-all-v2.0_tp49_fr|0.029 tm-fr-all-v2.0_tp95_fr|0.053 ;ar;1908
indeplux-1908-12-07-a-i0029;na;local-elgu-YtG0FE-c;[redacted];BNL;LU;1908-12-07T00:00:00Z;N;True;True;indeplux-1908-12-07-a;fr;Angleterre|Russie|Angleterre|Angleterre|Chine|Drôme;2;;indeplux;na;na;1,2;na;roi Edouard|A. Capello;na;0.0;733;Que sera 1909?;tm-fr-all-v2.0_tp06_fr|0.105 tm-fr-all-v2.0_tp18_fr|0.239 tm-fr-all-v2.0_tp19_fr|0.027 tm-fr-all-v2.0_tp28_fr|0.07 tm-fr-all-v2.0_tp29_fr|0.025 tm-fr-all-v2.0_tp35_fr|0.124 tm-fr-all-v2.0_tp36_fr|0.069 tm-fr-all-v2.0_tp60_fr|0.041 tm-fr-all-v2.0_tp65_fr|0.078 tm-fr-all-v2.0_tp66_fr|0.023 tm-fr-all-v2.0_tp85_fr|0.027 ;ar;1908
indeplux-1909-02-04-a-i0026;na;local-elgu-HdO6Ki4c,local-elgu-YtG0FE-c;[redacted];BNL;LU;1909-02-04T00:00:00Z;N;True;False;indeplux-1909-02-04-a;fr;Luxembourg;1;;indeplux;na;na;3;na;Les Bourgmestre|A. Munchen|J. Faber;na;0.0;429;Sans titre;tm-fr-all-v2.0_tp24_fr|0.086 tm-fr-all-v2.0_tp35_fr|0.038 tm-fr-all-v2.0_tp60_fr|0.038 tm-fr-all-v2.0_tp64_fr|0.026 tm-fr-all-v2.0_tp95_fr|0.408 tm-fr-all-v2.0_tp97_fr|0.249 ;ar;1909
indeplux-1909-02-22-a-i0023;na;local-elgu-HdO6Ki4c,local-elgu-YtG0FE-c;[redacted];BNL;LU;1909-02-22T00:00:00Z;N;True;True;indeplux-1909-02-22-a;fr;Seymour|Thiers;2;;indeplux;na;na;1,2;na;Mardi Gras|Marcel Schwob;na;0.0;983;LE MARDI-GRAS;tm-fr-all-v2.0_tp18_fr|0.046 tm-fr-all-v2.0_tp24_fr|0.235 tm-fr-all-v2.0_tp33_fr|0.114 tm-fr-all-v2.0_tp36_fr|0.239 tm-fr-all-v2.0_tp85_fr|0.158 ;ar;1909
indeplux-1910-03-07-a-i0001;na;local-elgu-YtG0FE-c;[redacted];BNL;LU;1910-03-07T00:00:00Z;N;True;True;indeplux-1910-03-07-a;fr;Thiers|France;1;;indeplux;na;na;1;na;Belle Otéro|Mardi Gras;na;0.0;559;Les confetti. — Les députés travaillent le dimanche. — Le costume des [...];tm-fr-all-v2.0_tp02_fr|0.025 tm-fr-all-v2.0_tp09_fr|0.357 tm-fr-all-v2.0_tp24_fr|0.125 tm-fr-all-v2.0_tp36_fr|0.062 tm-fr-all-v2.0_tp54_fr|0.045 tm-fr-all-v2.0_tp64_fr|0.112 tm-fr-all-v2.0_tp81_fr|0.06 ;ar;1910
indeplux-1910-03-15-a-i0024;na;local-elgu-YtG0FE-c;[redacted];BNL;LU;1910-03-15T00:00:00Z;N;True;False;indeplux-1910-03-15-a;fr;New-York|Chicago|Munich|Munich|Argentine|Vienne|Vienne|Autriche|Paris|Paris|Paris|France|Vienne|Neustadt|Rome|Milan|Rome|Italie|Berlin|Naples|Alexandrie|Paris|Paris|Paris|Paris|Bruxelles|Bruxelles|Marseille;1;;indeplux;na;na;3;na;M. Geiger|M. Korte, consul du Paraguay|Martin Gauthier|M. Charles;na;0.0;792;Dernière Heure;tm-fr-all-v2.0_tp01_fr|0.033 tm-fr-all-v2.0_tp03_fr|0.036 tm-fr-all-v2.0_tp11_fr|0.075 tm-fr-all-v2.0_tp12_fr|0.041 tm-fr-all-v2.0_tp19_fr|0.103 tm-fr-all-v2.0_tp45_fr|0.227 tm-fr-all-v2.0_tp48_fr|0.04 tm-fr-all-v2.0_tp60_fr|0.112 tm-fr-all-v2.0_tp67_fr|0.076 tm-fr-all-v2.0_tp97_fr|0.122 ;ar;1910
indeplux-1911-03-04-a-i0032;na;local-elgu-HdO6Ki4c,local-elgu-YtG0FE-c;[redacted];BNL;LU;1911-03-04T00:00:00Z;N;True;False;indeplux-1911-03-04-a;fr;Paris|Rome|Bergame|Naples|Vérone|Venise|Seville|Venise|Venise|Venise|Italie|Italie|Venise;1;;indeplux;na;na;2;na;Octave Uzanne;na;0.0;1309;Carnavals de naguère;tm-fr-all-v2.0_tp19_fr|0.042 tm-fr-all-v2.0_tp24_fr|0.022 tm-fr-all-v2.0_tp36_fr|0.195 tm-fr-all-v2.0_tp47_fr|0.204 tm-fr-all-v2.0_tp49_fr|0.175 tm-fr-all-v2.0_tp55_fr|0.215 ;ar;1911
indeplux-1911-11-10-a-i0022;na;local-elgu-YtG0FE-c;[redacted];BNL;LU;1911-11-10T00:00:00Z;N;True;True;indeplux-1911-11-10-a;fr;Celle|Paris;2;;indeplux;na;na;1,2;na;Les Américains|Président Taft;na;0.0;1250;Les tourmentées de succès littéraires;tm-fr-all-v2.0_tp18_fr|0.287 tm-fr-all-v2.0_tp24_fr|0.07 tm-fr-all-v2.0_tp44_fr|0.053 tm-fr-all-v2.0_tp49_fr|0.068 tm-fr-all-v2.0_tp55_fr|0.26 tm-fr-all-v2.0_tp76_fr|0.088 ;ar;1911
indeplux-1912-02-10-a-i0011;na;local-elgu-HdO6Ki4c,local-elgu-YtG0FE-c;[redacted];BNL;LU;1912-02-10T00:00:00Z;N;True;False;indeplux-1912-02-10-a;fr;;1;;indeplux;na;na;3;na;A. Munchen|président, J. Faber;na;0.0;381;Sans titre;tm-fr-all-v2.0_tp24_fr|0.02 tm-fr-all-v2.0_tp45_fr|0.101 tm-fr-all-v2.0_tp61_fr|0.039 tm-fr-all-v2.0_tp95_fr|0.279 tm-fr-all-v2.0_tp97_fr|0.323 ;ar;1912
indeplux-1913-01-24-a-i0015;na;local-elgu-YtG0FE-c;[redacted];BNL;LU;1913-01-24T00:00:00Z;N;True;False;indeplux-1913-01-24-a;fr;Angleterre|Angleterre|Paris|Globe|Strasbourg|Paris|Luxembourg|Luxembourg|Luxembourg|Wagner|Havre|Louvain|Louvain|Luxembourg|Cologne;2;;indeplux;na;na;2,3;na;Ville de Luxembourg|M. Bernard Peilfer|Colmar Berg, président|A. MUNCHEN|président, J. FABER|Emile Zola|Madame C. Corne|Mme C. Cornevin|Mr. W. Gœtz;na;0.0;1401;Ville de Luxembourg et enxirons;tm-fr-all-v2.0_tp19_fr|0.021 tm-fr-all-v2.0_tp35_fr|0.087 tm-fr-all-v2.0_tp45_fr|0.147 tm-fr-all-v2.0_tp49_fr|0.031 tm-fr-all-v2.0_tp53_fr|0.055 tm-fr-all-v2.0_tp61_fr|0.028 tm-fr-all-v2.0_tp70_fr|0.091 tm-fr-all-v2.0_tp81_fr|0.039 tm-fr-all-v2.0_tp82_fr|0.027 tm-fr-all-v2.0_tp95_fr|0.151 tm-fr-all-v2.0_tp97_fr|0.139 tm-fr-all-v2.0_tp99_fr|0.038 ;ar;1913
indeplux-1913-02-10-a-i0045;na;local-elgu-YtG0FE-c;[redacted];BNL;LU;1913-02-10T00:00:00Z;N;True;True;indeplux-1913-02-10-a;fr;;1;;indeplux;na;na;1;na;;na;0.0;218;Billet de Midi;tm-fr-all-v2.0_tp10_fr|0.031 tm-fr-all-v2.0_tp18_fr|0.197 tm-fr-all-v2.0_tp24_fr|0.052 tm-fr-all-v2.0_tp49_fr|0.046 tm-fr-all-v2.0_tp79_fr|0.028 tm-fr-all-v2.0_tp81_fr|0.245 tm-fr-all-v2.0_tp93_fr|0.106 ;ar;1913
indeplux-1914-02-13-a-i0031;na;local-elgu-HdO6Ki4c,local-elgu-YtG0FE-c;[redacted];BNL;LU;1914-02-13T00:00:00Z;N;True;False;indeplux-1914-02-13-a;fr;;1;;indeplux;na;na;3;na;;na;0.0;356;Pour le carnaval;tm-fr-all-v2.0_tp24_fr|0.03 tm-fr-all-v2.0_tp45_fr|0.026 tm-fr-all-v2.0_tp60_fr|0.038 tm-fr-all-v2.0_tp61_fr|0.048 tm-fr-all-v2.0_tp64_fr|0.069 tm-fr-all-v2.0_tp82_fr|0.042 tm-fr-all-v2.0_tp95_fr|0.24 tm-fr-all-v2.0_tp97_fr|0.297 ;ar;1914
indeplux-1919-06-01-a-i0002;na;local-elgu-YtG0FE-c;[redacted];BNL;LU;1919-06-01T00:00:00Z;N;True;False;indeplux-1919-06-01-a;fr;Paris|Luxembourg|Luxembourg|Bré|Metz;1;;indeplux;na;na;2;na;César Franck|M. Delmas|M. Léopold Cluytens|M. Edouard Livain;na;0.0;746;Le Concert de Musique de Chambre;tm-fr-all-v2.0_tp55_fr|0.112 tm-fr-all-v2.0_tp78_fr|0.039 tm-fr-all-v2.0_tp96_fr|0.714 ;ar;1919
indeplux-1921-01-28-a-i0004;na;local-elgu-r9XQMr-6,local-elgu-YtG0FE-c;[redacted];BNL;LU;1921-01-28T00:00:00Z;N;True;True;indeplux-1921-01-28-a;fr;;1;;indeplux;na;na;1;na;;na;0.0;44;Le carnaval à Aix-s.-Alzette;tm-fr-all-v2.0_tp24_fr|0.237 tm-fr-all-v2.0_tp53_fr|0.126 tm-fr-all-v2.0_tp54_fr|0.025 tm-fr-all-v2.0_tp56_fr|0.035 tm-fr-all-v2.0_tp74_fr|0.025 tm-fr-all-v2.0_tp83_fr|0.055 tm-fr-all-v2.0_tp88_fr|0.025 ;ar;1921
indeplux-1921-02-03-a-i0056;na;local-elgu-YtG0FE-c;[redacted];BNL;LU;1921-02-03T00:00:00Z;N;True;True;indeplux-1921-02-03-a;fr;;1;;indeplux;na;na;1;na;;na;0.0;98;Conseil Municipal Le port du masque sera permis;tm-fr-all-v2.0_tp16_fr|0.398 tm-fr-all-v2.0_tp18_fr|0.029 tm-fr-all-v2.0_tp24_fr|0.1 tm-fr-all-v2.0_tp27_fr|0.131 tm-fr-all-v2.0_tp36_fr|0.046 ;ar;1921
indeplux-1921-02-05-a-i0017;na;local-elgu-HdO6Ki4c,local-elgu-YtG0FE-c;[redacted];BNL;LU;1921-02-05T00:00:00Z;N;True;False;indeplux-1921-02-05-a;fr;Paris;1;;indeplux;na;na;2;na;;na;0.0;287;Règlement concernant la police pendant le Carnaval;tm-fr-all-v2.0_tp22_fr|0.062 tm-fr-all-v2.0_tp24_fr|0.067 tm-fr-all-v2.0_tp29_fr|0.049 tm-fr-all-v2.0_tp40_fr|0.034 tm-fr-all-v2.0_tp53_fr|0.047 tm-fr-all-v2.0_tp64_fr|0.059 tm-fr-all-v2.0_tp82_fr|0.042 tm-fr-all-v2.0_tp95_fr|0.036 tm-fr-all-v2.0_tp97_fr|0.309 ;ar;1921
indeplux-1921-02-09-a-i0034;na;local-elgu-r9XQMr-6,local-elgu-YtG0FE-c;[redacted];BNL;LU;1921-02-09T00:00:00Z;N;True;True;indeplux-1921-02-09-a;fr;;1;;indeplux;na;na;1;na;;na;0.0;68;Le Carnaval;tm-fr-all-v2.0_tp13_fr|0.021 tm-fr-all-v2.0_tp23_fr|0.04 tm-fr-all-v2.0_tp24_fr|0.33 tm-fr-all-v2.0_tp55_fr|0.021 tm-fr-all-v2.0_tp61_fr|0.083 tm-fr-all-v2.0_tp85_fr|0.027 ;ar;1921
indeplux-1921-02-14-a-i0042;na;local-elgu-r9XQMr-6,local-elgu-YtG0FE-c;[redacted];BNL;LU;1921-02-14T00:00:00Z;N;True;True;indeplux-1921-02-14-a;fr;;1;;indeplux;na;na;1;na;;na;0.0;72;Le carnaval;tm-fr-all-v2.0_tp05_fr|0.021 tm-fr-all-v2.0_tp24_fr|0.305 tm-fr-all-v2.0_tp33_fr|0.027 tm-fr-all-v2.0_tp97_fr|0.324 ;ar;1921
indeplux-1921-12-07-a-i0001;na;local-elgu-YtG0FE-c;[redacted];BNL;LU;1921-12-07T00:00:00Z;N;True;True;indeplux-1921-12-07-a;fr;Paris|Rouen|Paris|Gela;1;;indeplux;na;na;1;na;Gustave Flaubert|M. Jean|G. Flaubert|ami Louis Bouilhet|Théophile Gautier;na;0.0;535;Billet Parisien Paris, le 5 décembre 1921.;tm-fr-all-v2.0_tp02_fr|0.024 tm-fr-all-v2.0_tp04_fr|0.064 tm-fr-all-v2.0_tp18_fr|0.259 tm-fr-all-v2.0_tp19_fr|0.038 tm-fr-all-v2.0_tp23_fr|0.106 tm-fr-all-v2.0_tp24_fr|0.027 tm-fr-all-v2.0_tp49_fr|0.024 tm-fr-all-v2.0_tp55_fr|0.149 tm-fr-all-v2.0_tp80_fr|0.048 tm-fr-all-v2.0_tp85_fr|0.054 ;ar;1921
indeplux-1924-03-02-a-i0009;na;local-elgu-r9XQMr-6,local-elgu-YtG0FE-c;[redacted];BNL;LU;1924-03-02T00:00:00Z;N;True;False;indeplux-1924-03-02-a;fr;;1;;indeplux;na;na;3;na;;na;0.0;42;Le carnaval de cette année;tm-fr-all-v2.0_tp06_fr|0.072 tm-fr-all-v2.0_tp24_fr|0.338 tm-fr-all-v2.0_tp99_fr|0.038 ;ar;1924
indeplux-1924-03-02-b-i0009;na;local-elgu-r9XQMr-6,local-elgu-YtG0FE-c;[redacted];BNL;LU;1924-03-02T00:00:00Z;N;True;False;indeplux-1924-03-02-b;fr;;1;;indeplux;na;na;3;na;;na;0.0;41;Le carnaval de cette année;tm-fr-all-v2.0_tp06_fr|0.217 tm-fr-all-v2.0_tp24_fr|0.257 tm-fr-all-v2.0_tp66_fr|0.025 ;ar;1924
indeplux-1924-03-06-a-i0018;na;local-elgu-r9XQMr-6,local-elgu-YtG0FE-c;[redacted];BNL;LU;1924-03-06T00:00:00Z;N;True;False;indeplux-1924-03-06-a;fr;Esch-sur-Alzette;1;;indeplux;na;na;3;na;;na;0.0;42;Le carnaval dans le pays;tm-fr-all-v2.0_tp19_fr|0.025 tm-fr-all-v2.0_tp22_fr|0.025 tm-fr-all-v2.0_tp24_fr|0.075 tm-fr-all-v2.0_tp46_fr|0.035 tm-fr-all-v2.0_tp47_fr|0.025 tm-fr-all-v2.0_tp61_fr|0.237 tm-fr-all-v2.0_tp71_fr|0.025 tm-fr-all-v2.0_tp98_fr|0.045 ;ar;1924
indeplux-1924-03-07-b-i0013;na;local-elgu-r9XQMr-6,local-elgu-YtG0FE-c;[redacted];BNL;LU;1924-03-07T00:00:00Z;N;True;False;indeplux-1924-03-07-b;fr;Esch-sur-Alzette;1;;indeplux;na;na;2;na;;na;0.0;43;Le carnaval dans le pays;tm-fr-all-v2.0_tp19_fr|0.035 tm-fr-all-v2.0_tp24_fr|0.166 tm-fr-all-v2.0_tp46_fr|0.045 tm-fr-all-v2.0_tp61_fr|0.277 tm-fr-all-v2.0_tp74_fr|0.025 ;ar;1924
indeplux-1924-03-11-a-i0024;na;local-elgu-YtG0FE-c;[redacted];BNL;LU;1924-03-11T00:00:00Z;N;True;False;indeplux-1924-03-11-a;fr;Luxembourg;1;;indeplux;na;na;3;na;;na;0.0;34;Le 2ᵉ dimanche de carnaval;tm-fr-all-v2.0_tp05_fr|0.035 tm-fr-all-v2.0_tp24_fr|0.136 tm-fr-all-v2.0_tp31_fr|0.126 tm-fr-all-v2.0_tp47_fr|0.025 tm-fr-all-v2.0_tp52_fr|0.025 tm-fr-all-v2.0_tp69_fr|0.126 ;ar;1924
indeplux-1924-03-12-b-i0015;na;local-elgu-r9XQMr-6,local-elgu-YtG0FE-c;[redacted];BNL;LU;1924-03-12T00:00:00Z;N;True;False;indeplux-1924-03-12-b;fr;Luxembourg;1;;indeplux;na;na;3;na;;na;0.0;34;Le 2ᵉ dimanche de carnaval;tm-fr-all-v2.0_tp01_fr|0.035 tm-fr-all-v2.0_tp05_fr|0.095 tm-fr-all-v2.0_tp24_fr|0.136 tm-fr-all-v2.0_tp31_fr|0.085 tm-fr-all-v2.0_tp40_fr|0.045 tm-fr-all-v2.0_tp54_fr|0.035 tm-fr-all-v2.0_tp69_fr|0.055 tm-fr-all-v2.0_tp97_fr|0.025 ;ar;1924
indeplux-1925-02-20-a-i0060;na;local-elgu-YtG0FE-c;[redacted];BNL;LU;1925-02-20T00:00:00Z;N;True;False;indeplux-1925-02-20-a;fr;LUXEMBOURG|LUXEMBOURG|Luxembourg|Luxembourg|Luxembourg|Luxembourg|Liège;1;;indeplux;na;na;4;na;Gala Karsenty|M. Henry BERNSTEIN|M. Henry BERNSTEIN|MM. Constant REMY|Will Rogers Harold|MARDI GRAS|Emile KOLTZ|président, Max METZ|Théodore Statut;na;0.0;551;Publicité 8 Page 4;tm-fr-all-v2.0_tp21_fr|0.203 tm-fr-all-v2.0_tp22_fr|0.051 tm-fr-all-v2.0_tp35_fr|0.112 tm-fr-all-v2.0_tp39_fr|0.221 tm-fr-all-v2.0_tp45_fr|0.046 tm-fr-all-v2.0_tp49_fr|0.072 tm-fr-all-v2.0_tp70_fr|0.028 tm-fr-all-v2.0_tp81_fr|0.098 ;ad;1925
indeplux-1925-02-20-b-i0058;na;local-elgu-YtG0FE-c;[redacted];BNL;LU;1925-02-20T00:00:00Z;N;True;False;indeplux-1925-02-20-b;fr;LUXEMBOURG|LUXEMBOURG|Luxembourg|Luxembourg|Luxembourg|Luxembourg|Liège;1;;indeplux;na;na;4;na;Gala Karsenly Bureau|M. Henry BERNSTEIN|M. Henry BERNSTEIN|MM. Constant REMY|Will Rogers Harold Lloyd|MARDI GRAS|Emile KOLTZ;na;0.0;560;Publicité 8 Page 4;tm-fr-all-v2.0_tp21_fr|0.176 tm-fr-all-v2.0_tp22_fr|0.083 tm-fr-all-v2.0_tp35_fr|0.18 tm-fr-all-v2.0_tp39_fr|0.189 tm-fr-all-v2.0_tp49_fr|0.119 tm-fr-all-v2.0_tp81_fr|0.083 ;ad;1925
indeplux-1925-02-21-a-i0065;na;local-elgu-YtG0FE-c;[redacted];BNL;LU;1925-02-21T00:00:00Z;N;True;False;indeplux-1925-02-21-a;fr;Luxembourg|Paris;1;;indeplux;na;na;4;na;Kino Palace|SAGE Comédie|Will Rogers Harold Lloyd;na;0.0;290;Publicité 12 Page 4;tm-fr-all-v2.0_tp02_fr|0.023 tm-fr-all-v2.0_tp17_fr|0.206 tm-fr-all-v2.0_tp22_fr|0.102 tm-fr-all-v2.0_tp23_fr|0.023 tm-fr-all-v2.0_tp38_fr|0.027 tm-fr-all-v2.0_tp51_fr|0.055 tm-fr-all-v2.0_tp60_fr|0.159 tm-fr-all-v2.0_tp67_fr|0.045 ;ad;1925
indeplux-1925-02-21-b-i0069;na;local-elgu-YtG0FE-c;[redacted];BNL;LU;1925-02-21T00:00:00Z;N;True;False;indeplux-1925-02-21-b;fr;Luxembourg|Paris;1;;indeplux;na;na;4;na;SAGE Comédie|Will Rogers Harold;na;0.0;282;Publicité 15 Page 4;tm-fr-all-v2.0_tp08_fr|0.098 tm-fr-all-v2.0_tp16_fr|0.024 tm-fr-all-v2.0_tp17_fr|0.268 tm-fr-all-v2.0_tp51_fr|0.128 tm-fr-all-v2.0_tp60_fr|0.142 tm-fr-all-v2.0_tp92_fr|0.024 ;ad;1925
indeplux-1925-02-24-a-i0024;na;local-elgu-r9XQMr-6,local-elgu-YtG0FE-c;[redacted];BNL;LU;1925-02-24T00:00:00Z;N;True;False;indeplux-1925-02-24-a;fr;Luxembourg;1;;indeplux;na;na;3;na;;na;0.0;40;Le carnaval à Luxembourg;tm-fr-all-v2.0_tp11_fr|0.041 tm-fr-all-v2.0_tp24_fr|0.189 tm-fr-all-v2.0_tp46_fr|0.023 tm-fr-all-v2.0_tp48_fr|0.023 tm-fr-all-v2.0_tp61_fr|0.254 tm-fr-all-v2.0_tp66_fr|0.032 tm-fr-all-v2.0_tp95_fr|0.023 ;ar;1925
indeplux-1925-02-26-a-i0028;na;local-elgu-r9XQMr-6,local-elgu-YtG0FE-c;[redacted];BNL;LU;1925-02-26T00:00:00Z;N;True;False;indeplux-1925-02-26-a;fr;Luxembourg|Hamm;1;;indeplux;na;na;3;na;;na;0.0;34;CHRONIQUE LOCALE Le Carnaval à Luxembourg;tm-fr-all-v2.0_tp05_fr|0.027 tm-fr-all-v2.0_tp15_fr|0.027 tm-fr-all-v2.0_tp20_fr|0.027 tm-fr-all-v2.0_tp31_fr|0.027 tm-fr-all-v2.0_tp40_fr|0.027 tm-fr-all-v2.0_tp45_fr|0.027 tm-fr-all-v2.0_tp48_fr|0.045 tm-fr-all-v2.0_tp52_fr|0.027 ;ar;1925
indeplux-1925-02-27-b-i0022;na;local-elgu-r9XQMr-6,local-elgu-YtG0FE-c;[redacted];BNL;LU;1925-02-27T00:00:00Z;N;True;False;indeplux-1925-02-27-b;fr;Luxembourg|Hamm;1;;indeplux;na;na;3;na;;na;0.0;32;Le Carnaval a Luxembourg;tm-fr-all-v2.0_tp01_fr|0.027 tm-fr-all-v2.0_tp05_fr|0.027 tm-fr-all-v2.0_tp20_fr|0.045 tm-fr-all-v2.0_tp40_fr|0.027 tm-fr-all-v2.0_tp49_fr|0.027 tm-fr-all-v2.0_tp56_fr|0.064 ;ar;1925
indeplux-1925-03-03-a-i0021;na;local-elgu-YtG0FE-c;[redacted];BNL;LU;1925-03-03T00:00:00Z;N;True;False;indeplux-1925-03-03-a;fr;Belgique|Luxembourg|Belgique|Belgique|Luxembourg;1;;indeplux;na;na;2;na;Luc HOMMEL|M. Reuter|M. Prum|M. Brasseur, libéral|M. Reuter|M. Brasseur|M. Prum|M. Reuter|libéral, M. Robert Brasseur;na;0.0;770;Sans titre;tm-fr-all-v2.0_tp24_fr|0.113 tm-fr-all-v2.0_tp37_fr|0.022 tm-fr-all-v2.0_tp47_fr|0.043 tm-fr-all-v2.0_tp50_fr|0.04 tm-fr-all-v2.0_tp54_fr|0.397 tm-fr-all-v2.0_tp64_fr|0.033 tm-fr-all-v2.0_tp98_fr|0.182 ;ar;1925
indeplux-1925-03-03-b-i0013;na;local-elgu-YtG0FE-c;[redacted];BNL;LU;1925-03-03T00:00:00Z;N;True;False;indeplux-1925-03-03-b;fr;Luxembourg;1;;indeplux;na;na;2;na;libéral, M. Robert Brasseur;na;0.0;368;Une journée d’élection. — Politique de carnaval. La nouvelle Chambre. [...];tm-fr-all-v2.0_tp00_fr|0.048 tm-fr-all-v2.0_tp05_fr|0.025 tm-fr-all-v2.0_tp24_fr|0.197 tm-fr-all-v2.0_tp29_fr|0.057 tm-fr-all-v2.0_tp33_fr|0.025 tm-fr-all-v2.0_tp37_fr|0.025 tm-fr-all-v2.0_tp47_fr|0.039 tm-fr-all-v2.0_tp50_fr|0.039 tm-fr-all-v2.0_tp54_fr|0.268 tm-fr-all-v2.0_tp85_fr|0.055 ;ar;1925
indeplux-1926-02-10-b-i0021;na;local-elgu-YtG0FE-c;[redacted];BNL;LU;1926-02-10T00:00:00Z;N;True;False;indeplux-1926-02-10-b;fr;Bazar|Bazar|Marche|Luxembourg|France;1;;indeplux;na;na;3;na;Mademoiselle Jeanne Hoffman|Madame René Jacobs|Madame Charles Schwall|Madame Mathias Tresch|Madame Henri Werner;na;0.0;381;Bazar de Charité;tm-fr-all-v2.0_tp14_fr|0.061 tm-fr-all-v2.0_tp23_fr|0.073 tm-fr-all-v2.0_tp24_fr|0.075 tm-fr-all-v2.0_tp45_fr|0.031 tm-fr-all-v2.0_tp49_fr|0.057 tm-fr-all-v2.0_tp78_fr|0.353 tm-fr-all-v2.0_tp80_fr|0.033 ;ar;1926
indeplux-1926-02-11-a-i0019;na;local-elgu-YtG0FE-c;[redacted];BNL;LU;1926-02-11T00:00:00Z;N;True;False;indeplux-1926-02-11-a;fr;Bazar|Bazar|Marche|Luxembourg|France;1;;indeplux;na;na;3;na;Mademoiselle Jeanne Hoffman|Madame René Jacobs|Madame Charles Schwall|Madame Mathias Trescli|Madame Eugène Unden|Madame Henri Werner;na;0.0;384;Bazar de Charité;tm-fr-all-v2.0_tp00_fr|0.077 tm-fr-all-v2.0_tp14_fr|0.034 tm-fr-all-v2.0_tp18_fr|0.029 tm-fr-all-v2.0_tp23_fr|0.091 tm-fr-all-v2.0_tp24_fr|0.055 tm-fr-all-v2.0_tp47_fr|0.025 tm-fr-all-v2.0_tp49_fr|0.084 tm-fr-all-v2.0_tp72_fr|0.022 tm-fr-all-v2.0_tp78_fr|0.247 tm-fr-all-v2.0_tp80_fr|0.037 ;ar;1926
indeplux-1926-02-18-a-i0030;na;local-elgu-r9XQMr-6,local-elgu-YtG0FE-c;[redacted];BNL;LU;1926-02-18T00:00:00Z;N;True;False;indeplux-1926-02-18-a;fr;Luxembourg;1;;indeplux;na;na;3;na;;na;0.0;26;Le Carnaval de 1926;tm-fr-all-v2.0_tp48_fr|0.023 tm-fr-all-v2.0_tp50_fr|0.023 tm-fr-all-v2.0_tp61_fr|0.261 ;ar;1926
indeplux-1926-02-19-a-i0033;na;local-elgu-YtG0FE-c;[redacted];BNL;LU;1926-02-19T00:00:00Z;N;True;False;indeplux-1926-02-19-a;fr;Luxembourg;1;;indeplux;na;na;3;na;;na;0.0;47;Le Carnaval de 1926;tm-fr-all-v2.0_tp24_fr|0.038 tm-fr-all-v2.0_tp43_fr|0.038 tm-fr-all-v2.0_tp53_fr|0.027 tm-fr-all-v2.0_tp61_fr|0.283 tm-fr-all-v2.0_tp66_fr|0.038 ;ar;1926
indeplux-1926-02-19-b-i0033;na;local-elgu-r9XQMr-6,local-elgu-YtG0FE-c;[redacted];BNL;LU;1926-02-19T00:00:00Z;N;True;False;indeplux-1926-02-19-b;fr;Luxembourg;1;;indeplux;na;na;3;na;;na;0.0;47;Le Carnaval de 1926;tm-fr-all-v2.0_tp50_fr|0.027 tm-fr-all-v2.0_tp53_fr|0.038 tm-fr-all-v2.0_tp61_fr|0.283 tm-fr-all-v2.0_tp66_fr|0.038 ;ar;1926
indeplux-1927-03-08-a-i0006;na;local-elgu-HdO6Ki4c,local-elgu-YtG0FE-c;[redacted];BNL;LU;1927-03-08T00:00:00Z;N;True;False;indeplux-1927-03-08-a;fr;Roman|Paris|Nord|Offenbach|Nord|Paris|Paris|Luxembourg|Dudelange|Bruxelles|Séville|Bruck|Dudelange|Dudelange|Wagner|Dudelange;2;;indeplux;na;na;2,3;na;M. Paul|M. Jean Logeling, président|Les Paysagistes|jeune secrétaire Charles Broise|Marcel Bruch|Lieutenant Alt|Président Wirtz, le Trésorier|Ile Grand-Duché|Dr Weber, Président|L. Kauffmann|P. Simon|J. Wagner|Mlle Mary Mergan|F. Durant|M. Kraus|apprenti boulanger, Paul Behrend|nommé Michel Olinger|N. Dupont|Elise Niclou|Antoine Hoffmann|M. Hoffmann|J. Klein|Mathias Ochen de Cessange|Jean Agnès;na;0.0;2331;CHRONIQUE LOCALE;tm-fr-all-v2.0_tp11_fr|0.129 tm-fr-all-v2.0_tp24_fr|0.056 tm-fr-all-v2.0_tp37_fr|0.033 tm-fr-all-v2.0_tp40_fr|0.025 tm-fr-all-v2.0_tp45_fr|0.032 tm-fr-all-v2.0_tp56_fr|0.041 tm-fr-all-v2.0_tp60_fr|0.037 tm-fr-all-v2.0_tp69_fr|0.047 tm-fr-all-v2.0_tp70_fr|0.035 tm-fr-all-v2.0_tp91_fr|0.044 tm-fr-all-v2.0_tp93_fr|0.04 tm-fr-all-v2.0_tp96_fr|0.043 tm-fr-all-v2.0_tp97_fr|0.195 tm-fr-all-v2.0_tp99_fr|0.049 ;ar;1927
indeplux-1927-03-28-a-i0017;na;local-elgu-YtG0FE-c;[redacted];BNL;LU;1927-03-28T00:00:00Z;N;True;False;indeplux-1927-03-28-a;fr;France|Belgique|Luxembourg|Luxembourg|Luxembourg|France|Ardennes|Grand-Duché de Luxembourg|Bruxelles|Chicago|Lorraine|Luxembourg|Lorraine|Strasbourg|Longwy|Italie|Louvain|Chicago|Luxembourg|Paris|Paris|Dudelange|Dudelange|Luxembourg;2;;indeplux;na;na;2,3;na;Comte Szembeck, envoyé|A. Lebrun|Prince Félix|M. de Colnet|M. Robert Brasseur|M. Robert Brasseur|M. Albert Lebrun, vice-président du Sénat|M. Brasseur|M. Lebrun|M. Lebrun|M. A. Lebrun|M. Joseph Hansen|M. Joseph Hansen|M. Lebrun, vice-président du Sénat|Président Wilson|professeur L. Grœhars|M. Laumann|Edgard Poë|M. Jean Sartenê|Chevalier Canepin|M. Henri Duvernois|Joseph Jungblut|Jean Tilik|Tony Dutreux, ingénieur|M. Jacoby|P. Pauly|ouvrier A. Pohl;na;0.0;2218;CHRONIQUE LOCALE;tm-fr-all-v2.0_tp19_fr|0.026 tm-fr-all-v2.0_tp26_fr|0.024 tm-fr-all-v2.0_tp28_fr|0.025 tm-fr-all-v2.0_tp40_fr|0.078 tm-fr-all-v2.0_tp45_fr|0.03 tm-fr-all-v2.0_tp48_fr|0.079 tm-fr-all-v2.0_tp49_fr|0.063 tm-fr-all-v2.0_tp51_fr|0.025 tm-fr-all-v2.0_tp53_fr|0.024 tm-fr-all-v2.0_tp60_fr|0.026 tm-fr-all-v2.0_tp67_fr|0.045 tm-fr-all-v2.0_tp70_fr|0.095 tm-fr-all-v2.0_tp95_fr|0.059 tm-fr-all-v2.0_tp97_fr|0.192 tm-fr-all-v2.0_tp99_fr|0.025 ;ar;1927
indeplux-1927-04-04-a-i0014;na;local-elgu-YtG0FE-c;[redacted];BNL;LU;1927-04-04T00:00:00Z;N;True;False;indeplux-1927-04-04-a;fr;Allemagne|Hongrie|Hongrie|Contes|Offenbach|France|Contes;1;;indeplux;na;na;3;na;M. Jean Mistler|M. Jean Mistler|M. Mistler|M. René Benjamin|M. René Benjamin|M. Mistler|M. Mistler|M. Paul Morand|M. Paul Morand|M. Jean Giraudoux|M. Jean Giraudoux|Paul Morand|Georges Girard|M. Mistler|M. Mistler|Aloysius Bertrand|Pierre Mac|George Sand|M. Mistler|Georges BERGNER;na;0.0;1017;PORTRAITS D’ÉCRIVAINS;tm-fr-all-v2.0_tp55_fr|0.654 tm-fr-all-v2.0_tp80_fr|0.096 tm-fr-all-v2.0_tp96_fr|0.081 ;ar;1927
indeplux-1928-02-23-a-i0014;na;local-elgu-YtG0FE-c;[redacted];BNL;LU;1928-02-23T00:00:00Z;N;True;False;indeplux-1928-02-23-a;fr;Greven|Luxembourg|Metz;1;;indeplux;na;na;3;na;M. Férdy Maas|M. Férdy Maas|P. Mangen|Prince Henri;na;0.0;1056;Dans le Pays;tm-fr-all-v2.0_tp04_fr|0.069 tm-fr-all-v2.0_tp11_fr|0.259 tm-fr-all-v2.0_tp24_fr|0.046 tm-fr-all-v2.0_tp48_fr|0.252 tm-fr-all-v2.0_tp97_fr|0.215 ;ar;1928
indeplux-1928-02-24-a-i0009;na;local-elgu-YtG0FE-c;[redacted];BNL;LU;1928-02-24T00:00:00Z;N;True;False;indeplux-1928-02-24-a;fr;Berlin|Allemagne|Belgique|Belgique|Bruxelles|Bruxelles|Nord|Venise|Limoges|Gien|Copenhague|Lot|Luxembourg;2;;indeplux;na;na;2,3;na;Mme Anita Soler|M. René Worms|Mai Garnis|Lot de Toile|P. Grotz;na;0.0;1279;CHRONIQUE LOCALE;tm-fr-all-v2.0_tp03_fr|0.054 tm-fr-all-v2.0_tp07_fr|0.038 tm-fr-all-v2.0_tp09_fr|0.199 tm-fr-all-v2.0_tp19_fr|0.085 tm-fr-all-v2.0_tp37_fr|0.027 tm-fr-all-v2.0_tp39_fr|0.047 tm-fr-all-v2.0_tp48_fr|0.047 tm-fr-all-v2.0_tp49_fr|0.03 tm-fr-all-v2.0_tp69_fr|0.078 tm-fr-all-v2.0_tp90_fr|0.029 tm-fr-all-v2.0_tp97_fr|0.15 ;ar;1928
indeplux-1928-02-29-a-i0009;na;local-elgu-YtG0FE-c;[redacted];BNL;LU;1928-02-29T00:00:00Z;N;True;False;indeplux-1928-02-29-a;fr;Luxembourg|Paris|Paris|Paris|Paris|Bruxelles|Bruxelles|Moselle|Luxembourg|Rome|Marche|Marche|Marche|Strasbourg|France|France|France|France|France|France|Paris|Luxembourg|Esch-sur-Alzette|Metz|Luxembourg;2;;indeplux;na;na;2,3;na;Léon Bernard|Jean Hervé, Mme|Mary Marque|Jeanne Thomsen|Gabriele D’Annunzio|M. G. Pitsch|César Franck|M. H. de la Fontaine|N. van Werveke|C. Unrath|R. T. Pauli|M. Edouard Herriot|M. Edouard Herriot|MM. Georges God|Edmond Sée, représentant|M. Marcel Hauriac|M. Stan Golestan, vice-président|M. Bex|M. Georges Seligman|M. Georges Seligman|M. Irwing Schwerké|Mme Abel Rubi, MM.|M. Georges God|président Herriot|Critique Française M. Edmond|italien Pierre Crespi|ouvrier Emile Mazzetti|Mlle Alice Fonek|veuve P. Klein|Ro Hinge|jardinier Simon de Muhlenbach|M. M. Drescher;na;0.0;1807;CHRONIQUE LOCALE;tm-fr-all-v2.0_tp11_fr|0.032 tm-fr-all-v2.0_tp19_fr|0.051 tm-fr-all-v2.0_tp37_fr|0.148 tm-fr-all-v2.0_tp40_fr|0.115 tm-fr-all-v2.0_tp45_fr|0.075 tm-fr-all-v2.0_tp47_fr|0.129 tm-fr-all-v2.0_tp49_fr|0.083 tm-fr-all-v2.0_tp70_fr|0.067 tm-fr-all-v2.0_tp96_fr|0.051 tm-fr-all-v2.0_tp97_fr|0.097 ;ar;1928
indeplux-1928-02-29-a-i0011;na;local-elgu-YtG0FE-c;[redacted];BNL;LU;1928-02-29T00:00:00Z;N;True;False;indeplux-1928-02-29-a;fr;Roth|Dudelange;1;;indeplux;na;na;3;na;M. Krack|italien Dominique Bruni|M. Bintner;na;0.0;461;Dans le Pays;tm-fr-all-v2.0_tp11_fr|0.338 tm-fr-all-v2.0_tp36_fr|0.042 tm-fr-all-v2.0_tp40_fr|0.363 tm-fr-all-v2.0_tp93_fr|0.026 tm-fr-all-v2.0_tp97_fr|0.078 ;ar;1928
indeplux-1928-08-14-a-i0006;na;local-elgu-YtG0FE-c;[redacted];BNL;LU;1928-08-14T00:00:00Z;N;True;False;indeplux-1928-08-14-a;fr;Assomption|Arlon|Arlon|Arlon|Luxembourg|Arlon|Bruxelles|Luxembourg|Bruxelles|Sousa|Marche|Sousa|Marche|Luxembourg|Assomption|Luxembourg|Allemagne|Allemagne|Luxembourg|Allemagne|Cologne|Herstal|Maurice|Farnborough|France|Angleterre|Allemagne;1;;indeplux;na;na;3;na;P. Muller|Les Clochettes|A. Boito|Léopold Ier|M. Legrand, président|King Cotton|Comte de Luxembourg|Ave Maria|B. Friml|trésorier M. F. Behm|M. Joseph Poncin|Basile Berez|Albert L’Huillier;na;0.0;1702;CHRONIQUE LOCALE A cause de la Fête de l’Assomption, l’«lndépendance» [...];tm-fr-all-v2.0_tp07_fr|0.021 tm-fr-all-v2.0_tp11_fr|0.034 tm-fr-all-v2.0_tp19_fr|0.077 tm-fr-all-v2.0_tp26_fr|0.029 tm-fr-all-v2.0_tp28_fr|0.04 tm-fr-all-v2.0_tp45_fr|0.289 tm-fr-all-v2.0_tp63_fr|0.023 tm-fr-all-v2.0_tp65_fr|0.041 tm-fr-all-v2.0_tp69_fr|0.077 tm-fr-all-v2.0_tp97_fr|0.199 ;ar;1928
indeplux-1929-01-15-a-i0013;na;local-elgu-YtG0FE-c;[redacted];BNL;LU;1929-01-15T00:00:00Z;N;True;False;indeplux-1929-01-15-a;fr;Steinheim|Steinheim;1;;indeplux;na;na;3;na;M. Kauder, Directeur|Bibliothécaire M. Cornes|trésorier M. Winter|Madame Dumont, MM.|B. Simon;na;0.0;561;Bans le Pays;tm-fr-all-v2.0_tp29_fr|0.034 tm-fr-all-v2.0_tp30_fr|0.115 tm-fr-all-v2.0_tp45_fr|0.163 tm-fr-all-v2.0_tp48_fr|0.054 tm-fr-all-v2.0_tp70_fr|0.14 tm-fr-all-v2.0_tp80_fr|0.037 tm-fr-all-v2.0_tp97_fr|0.218 ;ar;1929
indeplux-1929-02-13-a-i0017;na;local-elgu-YtG0FE-c;[redacted];BNL;LU;1929-02-13T00:00:00Z;N;True;False;indeplux-1929-02-13-a;fr;Luxembourg|Luxembourg|Luxembourg|Bazar|France|France|Longwy|Luxembourg|Luxembourg|Nord|Luxembourg|Paris;2;;indeplux;na;na;2,3;na;Nicolas Schaeftgen, médecin|Gustave Gretsch, médecin|Aloyse Kuborn, pharmacien|Jean-Pierre Kobner, vétérinaire|M. Nie|MM. L. Wehenkel|P. Kohner|Ville de Longwy|J. Birnbaum|Mme Rausch Les|compatriote Mlle Drees|E. Leick|MM. Paul Faber, président|Lucien Salentiny, notaire|Eugène Lang, ingénieur|Prosper Schuhmacher|Antoine Biwer, docteur|Paul Faber|Léon Hammes|M. Léon Hengen|M. Léon Hengen|Henri Lavedan|grand critique A. Brisson|M. Henri Lavedan|M. Henri Bordeaux|M. Henri Bordeaux|Les Tournées|Henri Lavedan;na;0.0;1509;CHRONIQUE LOCALE;tm-fr-all-v2.0_tp02_fr|0.142 tm-fr-all-v2.0_tp24_fr|0.087 tm-fr-all-v2.0_tp26_fr|0.06 tm-fr-all-v2.0_tp35_fr|0.049 tm-fr-all-v2.0_tp36_fr|0.043 tm-fr-all-v2.0_tp45_fr|0.092 tm-fr-all-v2.0_tp49_fr|0.147 tm-fr-all-v2.0_tp55_fr|0.102 tm-fr-all-v2.0_tp97_fr|0.119 ;ar;1929
indeplux-1929-02-14-a-i0016;na;local-elgu-YtG0FE-c;[redacted];BNL;LU;1929-02-14T00:00:00Z;N;True;False;indeplux-1929-02-14-a;fr;Moselle|Luxembourg|Luxembourg|Hamm|Hamm|Hamm|Hamm|Luxembourg|Luxembourg;1;;indeplux;na;na;3;na;M. Philippe|M. Dumont, Directeur|M. Blum|M. Blum|Angelo Rambaldi;na;0.0;1007;CHRONIQUE LOCALE;tm-fr-all-v2.0_tp06_fr|0.11 tm-fr-all-v2.0_tp17_fr|0.059 tm-fr-all-v2.0_tp22_fr|0.025 tm-fr-all-v2.0_tp40_fr|0.021 tm-fr-all-v2.0_tp48_fr|0.044 tm-fr-all-v2.0_tp54_fr|0.06 tm-fr-all-v2.0_tp57_fr|0.03 tm-fr-all-v2.0_tp61_fr|0.056 tm-fr-all-v2.0_tp63_fr|0.023 tm-fr-all-v2.0_tp67_fr|0.064 tm-fr-all-v2.0_tp69_fr|0.041 tm-fr-all-v2.0_tp81_fr|0.023 tm-fr-all-v2.0_tp91_fr|0.028 tm-fr-all-v2.0_tp97_fr|0.188 ;ar;1929
indeplux-1929-02-14-a-i0017;na;local-elgu-YtG0FE-c;[redacted];BNL;LU;1929-02-14T00:00:00Z;N;True;False;indeplux-1929-02-14-a;fr;France;1;;indeplux;na;na;3;na;Polonais Ignace Zeg|mineur Alphonse Ha|Adolphe Holper;na;0.0;453;Daims le Pays;tm-fr-all-v2.0_tp36_fr|0.033 tm-fr-all-v2.0_tp43_fr|0.042 tm-fr-all-v2.0_tp48_fr|0.156 tm-fr-all-v2.0_tp97_fr|0.617 ;ar;1929
indeplux-1929-03-12-a-i0010;na;local-elgu-YtG0FE-c;[redacted];BNL;LU;1929-03-12T00:00:00Z;N;True;False;indeplux-1929-03-12-a;fr;Dudelange|Luxembourg;1;;indeplux;na;na;3;na;Jean Kohl|abbé Dominique Mœs|Pierre Raths|ouvrier César Nicoliti|mineur Mathias Kaufmann;na;0.0;904;Dans le Pays;tm-fr-all-v2.0_tp28_fr|0.086 tm-fr-all-v2.0_tp36_fr|0.06 tm-fr-all-v2.0_tp43_fr|0.048 tm-fr-all-v2.0_tp48_fr|0.31 tm-fr-all-v2.0_tp84_fr|0.033 tm-fr-all-v2.0_tp97_fr|0.298 ;ar;1929
indeplux-1929-10-08-a-i0019;na;local-elgu-YtG0FE-c;[redacted];BNL;LU;1929-10-08T00:00:00Z;N;True;False;indeplux-1929-10-08-a;fr;Luxembourg;1;;indeplux;na;na;3;na;M. Henri Koch|M. Henri Koch;na;0.0;458;CHRONIQUE LOCALE;tm-fr-all-v2.0_tp16_fr|0.021 tm-fr-all-v2.0_tp28_fr|0.108 tm-fr-all-v2.0_tp35_fr|0.026 tm-fr-all-v2.0_tp39_fr|0.055 tm-fr-all-v2.0_tp45_fr|0.066 tm-fr-all-v2.0_tp68_fr|0.054 tm-fr-all-v2.0_tp69_fr|0.217 tm-fr-all-v2.0_tp70_fr|0.022 tm-fr-all-v2.0_tp86_fr|0.058 tm-fr-all-v2.0_tp93_fr|0.025 tm-fr-all-v2.0_tp95_fr|0.08 ;ar;1929
indeplux-1930-02-04-a-i0006;na;local-elgu-HdO6Ki4c,local-elgu-YtG0FE-c;[redacted];BNL;LU;1930-02-04T00:00:00Z;N;True;False;indeplux-1930-02-04-a;fr;Arlon|Abyssinie|Abyssinie|France|Metz|Metz|Nord|Nord;2;;indeplux;na;na;2,3;na;M. Wagner, instituteur|P. Pescatore|prince Sixte de Bourbon|prince Sixte de Bourbon|Monsieur G. Simon|Oscar Strauss|M. Arthur Schlottert;na;0.0;1024;CHRONIQUE LOCALE;tm-fr-all-v2.0_tp11_fr|0.024 tm-fr-all-v2.0_tp19_fr|0.029 tm-fr-all-v2.0_tp23_fr|0.035 tm-fr-all-v2.0_tp24_fr|0.078 tm-fr-all-v2.0_tp35_fr|0.067 tm-fr-all-v2.0_tp39_fr|0.096 tm-fr-all-v2.0_tp40_fr|0.061 tm-fr-all-v2.0_tp42_fr|0.029 tm-fr-all-v2.0_tp49_fr|0.129 tm-fr-all-v2.0_tp53_fr|0.059 tm-fr-all-v2.0_tp67_fr|0.045 tm-fr-all-v2.0_tp69_fr|0.037 tm-fr-all-v2.0_tp70_fr|0.029 tm-fr-all-v2.0_tp95_fr|0.088 ;ar;1930
indeplux-1930-02-07-a-i0009;na;local-elgu-YtG0FE-c;[redacted];BNL;LU;1930-02-07T00:00:00Z;N;True;False;indeplux-1930-02-07-a;fr;Allier|Marche|Marche;2;;indeplux;na;na;2,3;na;marchand H. Schumann|M. Schumann|P. Rinck|Harmonie Municipale|M. Lucien Louis|Les Bayadères|Les Aimées|Les Echos|J. P. Klein|ouvrier Charles-Philippe Kayser;na;0.0;862;Dans la Pays;tm-fr-all-v2.0_tp11_fr|0.346 tm-fr-all-v2.0_tp48_fr|0.093 tm-fr-all-v2.0_tp53_fr|0.023 tm-fr-all-v2.0_tp69_fr|0.046 tm-fr-all-v2.0_tp91_fr|0.071 tm-fr-all-v2.0_tp95_fr|0.031 tm-fr-all-v2.0_tp97_fr|0.243 ;ar;1930
indeplux-1930-02-19-a-i0008;na;local-elgu-YtG0FE-c;[redacted];BNL;LU;1930-02-19T00:00:00Z;N;True;False;indeplux-1930-02-19-a;fr;Belgique|Marche|Marche|Bazar|France|Bazar|Longwy|Wedel|Luxembourg|Genève|Genève|Luxembourg|Dudelange|Luxembourg|Metz|Luxembourg;1;;indeplux;na;na;3;na;E. Titl|P. Koppes|F. Gaillard|Mme Roger Erpelding|Mlle Jeanne Hoffman|Mme René Jacobs|Mme Edgard Kahn|Mlle Suzette Kneb|Mme Pescatore-de Villegas|Mme Dr Robert|Mme Maurice Rivaud|Mme Henri Schummer|Mme Emile Pauly|Mme Etienne Soubre|Mlle Louise Thill|Mme Mathias Trescli|Mme Henri Werner|Mme Pierre Zender|M. Nicolas Thoss|MM. Aloyse Meyer, Président|Albert Calmes, membre du Conseil Supérieur|Carton de Wiart|Comte Carton de Wiart|Comte Carton de Wiart|Comte Carton de Wiart|Comte Carton de Wiart|Comte Carton de Wiart|Comte Carton de Wiart|M. Jean Tandel;na;0.0;1384;CHRONIQUE LOCALE;tm-fr-all-v2.0_tp02_fr|0.067 tm-fr-all-v2.0_tp03_fr|0.096 tm-fr-all-v2.0_tp11_fr|0.08 tm-fr-all-v2.0_tp14_fr|0.066 tm-fr-all-v2.0_tp16_fr|0.105 tm-fr-all-v2.0_tp36_fr|0.062 tm-fr-all-v2.0_tp40_fr|0.02 tm-fr-all-v2.0_tp45_fr|0.13 tm-fr-all-v2.0_tp48_fr|0.036 tm-fr-all-v2.0_tp53_fr|0.04 tm-fr-all-v2.0_tp72_fr|0.095 ;ar;1930
indeplux-1930-03-05-a-i0009;na;local-elgu-HdO6Ki4c,local-elgu-YtG0FE-c;[redacted];BNL;LU;1930-03-05T00:00:00Z;N;True;False;indeplux-1930-03-05-a;fr;Nord|Nord|Paris|France|Angleterre|Belgique|Zurich|Luxembourg|Arlon|Italie|Luxembourg|Luxembourg|Luxembourg|Luxembourg|Luxembourg|Luxembourg|Esch-sur-Alzette|Bazar|Bazar|France|France|Fortune|Bazar|Paris|Belgique|Luxembourg|Paris|Luxembourg;2;;indeplux;na;na;2,3;na;François de Nion|M. Gaston Dévoré|Henry Giquel|Francis Lorang|H. Gugler|nommé Léon Felt|M. Batty Franck|M. Batty Franck|M. Franck|M. Franck|Monsieur Francesco Mariano|MM. Arthur Calteux|Max Goergen|Marcel Meris|Charles Michels|Maurice Paquet, Mlle|MM. Gustave Stoltz|Roger Wolter|Roger Wurth|M. Michels|M. Muller|M. Paquet|M. Stoltz|M. Wolter|M. Wurth|M. Victor Stoll|M. Victor Stoll|M. Joseph Fournelle|M. Jean Weiter|M. Jean Weiter|Michel Junck|Auguste Peiffer|Jean Massard|M. Massard|M. Daniel Rousseau|M. Daniel Rousseau|M. Daniel Rousseau, directeur honoraire|M. Rousseau|M. Rousseau|M. de Car|M. Léopold Marchand|M. Léopold Marchand|Léopold Marchand|M. Charles Granval|Melle Bret|A. Skalla|P. Gilson|R. Wagner;na;0.0;2606;CHRONIQUE LOCALE;tm-fr-all-v2.0_tp02_fr|0.087 tm-fr-all-v2.0_tp24_fr|0.104 tm-fr-all-v2.0_tp49_fr|0.159 tm-fr-all-v2.0_tp60_fr|0.084 tm-fr-all-v2.0_tp61_fr|0.023 tm-fr-all-v2.0_tp69_fr|0.038 tm-fr-all-v2.0_tp78_fr|0.083 tm-fr-all-v2.0_tp80_fr|0.024 tm-fr-all-v2.0_tp82_fr|0.026 tm-fr-all-v2.0_tp83_fr|0.044 tm-fr-all-v2.0_tp89_fr|0.027 tm-fr-all-v2.0_tp95_fr|0.053 tm-fr-all-v2.0_tp97_fr|0.072 ;ar;1930
indeplux-1930-03-06-a-i0010;na;local-elgu-YtG0FE-c;[redacted];BNL;LU;1930-03-06T00:00:00Z;N;True;False;indeplux-1930-03-06-a;fr;Hagen|Bastogne|Bruxelles|Luxembourg;1;;indeplux;na;na;3;na;Hubert Lamby de Niedercorn|Hubert Lamby de Niedercorn|M. Kremer|E. Ludewig|garde-chasse Jacques Goergen de Flaxweiler|garde-chasse Jacques Goergen de Flaxweiler|Henri Nesser de Roodt-sur-Syr;na;0.0;907;Dans le Pays;tm-fr-all-v2.0_tp11_fr|0.192 tm-fr-all-v2.0_tp30_fr|0.054 tm-fr-all-v2.0_tp40_fr|0.128 tm-fr-all-v2.0_tp83_fr|0.038 tm-fr-all-v2.0_tp97_fr|0.444 ;ar;1930
indeplux-1930-03-07-a-i0013;na;local-elgu-YtG0FE-c;[redacted];BNL;LU;1930-03-07T00:00:00Z;N;True;False;indeplux-1930-03-07-a;fr;France|Barry|Luxembourg|Sydney|Wagner|Luxembourg|Luxembourg|Luxembourg|Luxembourg|Lourdes|Luxembourg|Lourdes|Longwy;2;;indeplux;na;na;2,3;na;Dr. Paul Barry de Paris|M. Marcel Nopeney|abbé Martin Blum|M. Jules Klensch|Jules Duvaux, le peintre|M. van Langenhove|Michel Rodange|Michel Rodange|MM. Tony Dutreux, président|A. Nickels, président|M. Molitor, secrétaire|MM. Batty Weber|Paul Henckes|MM. Tony Dutreux, président|F. Seimetz, président|A. Nickels, secrétaire|Léon Feltgen|M. Batty Franck|M. Batty Franck|M. Majerus|abbé Michel Cle|abbé Norbert Reuter|ouvrier I. N. Moes de Weicherdange;na;0.0;1993;CHRONIQUE LOCALE;tm-fr-all-v2.0_tp03_fr|0.107 tm-fr-all-v2.0_tp11_fr|0.088 tm-fr-all-v2.0_tp16_fr|0.103 tm-fr-all-v2.0_tp26_fr|0.059 tm-fr-all-v2.0_tp28_fr|0.061 tm-fr-all-v2.0_tp61_fr|0.021 tm-fr-all-v2.0_tp66_fr|0.058 tm-fr-all-v2.0_tp69_fr|0.058 tm-fr-all-v2.0_tp70_fr|0.116 tm-fr-all-v2.0_tp80_fr|0.06 tm-fr-all-v2.0_tp97_fr|0.11 ;ar;1930
indeplux-1930-03-07-a-i0019;na;local-elgu-YtG0FE-c;[redacted];BNL;LU;1930-03-07T00:00:00Z;N;True;False;indeplux-1930-03-07-a;fr;Moselle;1;;indeplux;na;na;3;na;mineur Mathias Baumann|jeune Clotilde Antrich;na;0.0;179;A la Frontière;tm-fr-all-v2.0_tp11_fr|0.39 tm-fr-all-v2.0_tp17_fr|0.021 tm-fr-all-v2.0_tp32_fr|0.024 tm-fr-all-v2.0_tp35_fr|0.021 tm-fr-all-v2.0_tp40_fr|0.05 tm-fr-all-v2.0_tp48_fr|0.067 tm-fr-all-v2.0_tp97_fr|0.184 ;ar;1930
indeplux-1930-03-12-a-i0010;na;local-elgu-YtG0FE-c;[redacted];BNL;LU;1930-03-12T00:00:00Z;N;True;False;indeplux-1930-03-12-a;fr;Luxembourg|Luxembourg|Beaumont|Luxembourg;2;;indeplux;na;na;2,3;na;P. Koppes|Les Clématites|R. Wagner|M. Nicolay|Hector Berlioz|M. François Altwies|Hector Berlioz|M. François Altwies|M. Edouard Kirsch|M. Auguste Col|M. Albert Philippe|M. Auguste Cdllart|P. Prudhomme|Pierre Scholer|M. Scholer|cycliste Stoffel de Bettembourg|M. Nicolas Machel|M. Nicolas Machel;na;0.0;1605;CHRONIQUE LOCALE;tm-fr-all-v2.0_tp11_fr|0.104 tm-fr-all-v2.0_tp39_fr|0.023 tm-fr-all-v2.0_tp40_fr|0.071 tm-fr-all-v2.0_tp70_fr|0.066 tm-fr-all-v2.0_tp78_fr|0.059 tm-fr-all-v2.0_tp81_fr|0.024 tm-fr-all-v2.0_tp85_fr|0.029 tm-fr-all-v2.0_tp91_fr|0.035 tm-fr-all-v2.0_tp95_fr|0.048 tm-fr-all-v2.0_tp96_fr|0.162 tm-fr-all-v2.0_tp97_fr|0.176 ;ar;1930
indeplux-1930-03-12-a-i0014;na;local-elgu-YtG0FE-c;[redacted];BNL;LU;1930-03-12T00:00:00Z;N;True;False;indeplux-1930-03-12-a;fr;Esch-sur-Alzette|Esch-sur-Alzette|Esch-sur-Alzette|Luxembourg|Esch-sur-Alzette|Luxembourg|France|Nancy|Congo Belge;1;;indeplux;na;na;3;na;M. Norbert Metz|M. Norbert Metz|M. Norbert Metz, directeur|Madame Norbert Metz, la Présidente|Mlle Metz, sa fille|M. Robert Metz|M. Robert Metz|M. Flick|M. J. Klaus|M. J. Hippert|Mathias Meysenbourg|M. Meysembourg;na;0.0;681;Dans le Pays;tm-fr-all-v2.0_tp11_fr|0.104 tm-fr-all-v2.0_tp17_fr|0.046 tm-fr-all-v2.0_tp30_fr|0.111 tm-fr-all-v2.0_tp40_fr|0.041 tm-fr-all-v2.0_tp45_fr|0.117 tm-fr-all-v2.0_tp56_fr|0.062 tm-fr-all-v2.0_tp67_fr|0.056 tm-fr-all-v2.0_tp91_fr|0.043 tm-fr-all-v2.0_tp97_fr|0.215 tm-fr-all-v2.0_tp99_fr|0.035 ;ar;1930
indeplux-1931-02-12-a-i0015;na;local-elgu-YtG0FE-c;[redacted];BNL;LU;1931-02-12T00:00:00Z;N;True;False;indeplux-1931-02-12-a;fr;Belgique|Dudelange|Speyer|Grenoble|Dudelange|Dudelange|Wagner|Wagner;1;;indeplux;na;na;3;na;Reinert de Bonncvoie|Ries de Remich|MM. Victor Wenzel|Henri Raths-Koob|M. N. Ries, instituteur|M. Ries|nommé François Steinmetz|Jean Manderscheid de Weidange|Jean Manderscheid de Weidange|ouvrier Joseph Steffen de Basse|ouvrier Joseph Steffen de Basse|Guillaume Riegel|rouleur Bernard Laskowsky|Mlle Mathilde Muller|Prince Jean|Prince Jean|L. Schwartz|M. Wagner|M. Wagner|M. Wagner;na;0.0;1114;DANS LE PAYS;tm-fr-all-v2.0_tp11_fr|0.165 tm-fr-all-v2.0_tp21_fr|0.03 tm-fr-all-v2.0_tp23_fr|0.067 tm-fr-all-v2.0_tp28_fr|0.113 tm-fr-all-v2.0_tp40_fr|0.074 tm-fr-all-v2.0_tp45_fr|0.069 tm-fr-all-v2.0_tp56_fr|0.022 tm-fr-all-v2.0_tp84_fr|0.044 tm-fr-all-v2.0_tp91_fr|0.031 tm-fr-all-v2.0_tp97_fr|0.209 ;ar;1931
indeplux-1931-02-13-a-i0019;na;local-elgu-YtG0FE-c;[redacted];BNL;LU;1931-02-13T00:00:00Z;N;True;False;indeplux-1931-02-13-a;fr;France|Italie|Paris;2;;indeplux;na;na;3,4;na;Henri III|Sébastien Mercier;na;0.0;514;Mascarades d’autrefois;tm-fr-all-v2.0_tp36_fr|0.064 tm-fr-all-v2.0_tp43_fr|0.137 tm-fr-all-v2.0_tp45_fr|0.123 tm-fr-all-v2.0_tp48_fr|0.033 tm-fr-all-v2.0_tp62_fr|0.033 tm-fr-all-v2.0_tp85_fr|0.389 tm-fr-all-v2.0_tp89_fr|0.044 ;ar;1931
indeplux-1931-02-18-a-i0016;na;local-elgu-YtG0FE-c;[redacted];BNL;LU;1931-02-18T00:00:00Z;N;True;False;indeplux-1931-02-18-a;fr;Dudelange|Esch-sur-Alzette|Esch-sur-Alzette|Esch-sur-Alzette|Luxembourg|Liège|Moselle;1;;indeplux;na;na;3;na;ouvrier métallurgiste Antoine Mersch|Michel Mecher|nommé Pierre Leclerc|M. Pierre Mart, président|M. Nicolas Graas|M. Jean Fischer|M. Jean Fischer|M. Mathias Berg|M. Mathias Berg|nommé Joseph Brausch|Jules Théves-Frie|Melle Elise Wiltgen|M. Edouard Dupong|M. Barthel|M. Berg|M. Funck;na;0.0;732;DANS LE PAYS;tm-fr-all-v2.0_tp02_fr|0.118 tm-fr-all-v2.0_tp30_fr|0.022 tm-fr-all-v2.0_tp40_fr|0.029 tm-fr-all-v2.0_tp45_fr|0.067 tm-fr-all-v2.0_tp47_fr|0.03 tm-fr-all-v2.0_tp48_fr|0.082 tm-fr-all-v2.0_tp54_fr|0.135 tm-fr-all-v2.0_tp57_fr|0.085 tm-fr-all-v2.0_tp82_fr|0.026 tm-fr-all-v2.0_tp97_fr|0.287 ;ar;1931
indeplux-1931-02-19-a-i0017;na;local-elgu-HdO6Ki4c,local-elgu-r9XQMr-6,local-elgu-YtG0FE-c;[redacted];BNL;LU;1931-02-19T00:00:00Z;N;True;False;indeplux-1931-02-19-a;fr;Ardennes|Luxembourg|Luxembourg|Luxembourg|Paris;1;;indeplux;na;na;2;na;Adolphe de Nassau|P. Weber|A. Ginter|M. J. Bernard, employé;na;0.0;603;CHRONIQUE LOCALE;tm-fr-all-v2.0_tp11_fr|0.071 tm-fr-all-v2.0_tp24_fr|0.085 tm-fr-all-v2.0_tp36_fr|0.026 tm-fr-all-v2.0_tp40_fr|0.046 tm-fr-all-v2.0_tp41_fr|0.028 tm-fr-all-v2.0_tp45_fr|0.091 tm-fr-all-v2.0_tp61_fr|0.026 tm-fr-all-v2.0_tp67_fr|0.057 tm-fr-all-v2.0_tp89_fr|0.121 tm-fr-all-v2.0_tp91_fr|0.041 tm-fr-all-v2.0_tp95_fr|0.155 tm-fr-all-v2.0_tp97_fr|0.045 ;ar;1931
indeplux-1931-02-19-a-i0018;na;local-elgu-YtG0FE-c;[redacted];BNL;LU;1931-02-19T00:00:00Z;N;True;False;indeplux-1931-02-19-a;fr;Mo|Dudelange|Dudelange|Esch-sur-Alzette|Beaufort|Luxembourg|Luxembourg;2;;indeplux;na;na;2,3;na;M. Hemmer|Mlle Marguerite Sossong|M. Ries|M. Ries, instituteur|M. Becker, instituteur|M. Délia Faille, ingénieur|M. Jean Mergen|M. Jean Mergen|P. Schuster|M. Nie|Jean Medernach|Pierre Schütz|M. P. Demuth|N. Schneider|M. Laux|M. Laux;na;0.0;1197;DANS LE PAYS;tm-fr-all-v2.0_tp11_fr|0.103 tm-fr-all-v2.0_tp23_fr|0.022 tm-fr-all-v2.0_tp30_fr|0.049 tm-fr-all-v2.0_tp32_fr|0.029 tm-fr-all-v2.0_tp40_fr|0.118 tm-fr-all-v2.0_tp45_fr|0.071 tm-fr-all-v2.0_tp48_fr|0.142 tm-fr-all-v2.0_tp57_fr|0.033 tm-fr-all-v2.0_tp59_fr|0.047 tm-fr-all-v2.0_tp84_fr|0.035 tm-fr-all-v2.0_tp97_fr|0.247 ;ar;1931
indeplux-1931-02-20-a-i0010;na;local-elgu-YtG0FE-c;[redacted];BNL;LU;1931-02-20T00:00:00Z;N;True;False;indeplux-1931-02-20-a;fr;Gao|Luxembourg|Luxembourg|Paris|Luxembourg|Luxembourg|Luxembourg|Vendôme|Luxembourg|Dreux|France;1;;indeplux;na;na;2;na;consul général, M. Bastin|boulanger Philippe Molitor;na;0.0;1026;CHRONIQUE LOCALE;tm-fr-all-v2.0_tp02_fr|0.036 tm-fr-all-v2.0_tp11_fr|0.056 tm-fr-all-v2.0_tp19_fr|0.021 tm-fr-all-v2.0_tp22_fr|0.052 tm-fr-all-v2.0_tp32_fr|0.038 tm-fr-all-v2.0_tp33_fr|0.021 tm-fr-all-v2.0_tp35_fr|0.038 tm-fr-all-v2.0_tp39_fr|0.024 tm-fr-all-v2.0_tp60_fr|0.035 tm-fr-all-v2.0_tp69_fr|0.028 tm-fr-all-v2.0_tp72_fr|0.162 tm-fr-all-v2.0_tp73_fr|0.071 tm-fr-all-v2.0_tp86_fr|0.031 tm-fr-all-v2.0_tp95_fr|0.148 tm-fr-all-v2.0_tp97_fr|0.113 ;ar;1931
indeplux-1931-02-20-a-i0017;na;local-elgu-YtG0FE-c;[redacted];BNL;LU;1931-02-20T00:00:00Z;N;True;False;indeplux-1931-02-20-a;fr;;1;;indeplux;na;na;3;na;ouvrier G. Conrady|ouvrier Nicolas Greisch|M. Michel Dupong|Mme Guillaume Schuman|M. Emil Hames|M. Haines|M. Bossi;na;0.0;752;DANS LE PAYS;tm-fr-all-v2.0_tp11_fr|0.138 tm-fr-all-v2.0_tp23_fr|0.04 tm-fr-all-v2.0_tp24_fr|0.08 tm-fr-all-v2.0_tp30_fr|0.069 tm-fr-all-v2.0_tp32_fr|0.031 tm-fr-all-v2.0_tp40_fr|0.059 tm-fr-all-v2.0_tp48_fr|0.071 tm-fr-all-v2.0_tp57_fr|0.081 tm-fr-all-v2.0_tp67_fr|0.03 tm-fr-all-v2.0_tp91_fr|0.023 tm-fr-all-v2.0_tp97_fr|0.275 ;ar;1931
indeplux-1931-02-24-a-i0016;na;local-elgu-YtG0FE-c;[redacted];BNL;LU;1931-02-24T00:00:00Z;N;True;False;indeplux-1931-02-24-a;fr;Luxembourg|Schroeder|Dudelange|La Haye|Italien;1;;indeplux;na;na;3;na;Charles Kayser|motocycliste N. Philipp|Melle Marguerite Ney|Melle Ney|commerçant Jean Kriers|Fritz Vogel|M. Peters|ouvrier P. Tintinger|M. Jean Muller, gendarme|M. Muller|boucher Jean Simmer|Eugène Redinger|May de Remich|boucher P. May|Mme Veuve Vesque|M. van de Poil|Maximilien van de Poil, le propriétaire|M. Alphonse Guirsch|M. P. Hummer|Eugène Moulin|Eugène Moulin|président, M. de Waha|Mme Moulin, sa veuve;na;0.0;1498;DANS LE PAYS;tm-fr-all-v2.0_tp11_fr|0.181 tm-fr-all-v2.0_tp24_fr|0.028 tm-fr-all-v2.0_tp30_fr|0.039 tm-fr-all-v2.0_tp32_fr|0.028 tm-fr-all-v2.0_tp40_fr|0.138 tm-fr-all-v2.0_tp45_fr|0.021 tm-fr-all-v2.0_tp52_fr|0.052 tm-fr-all-v2.0_tp84_fr|0.029 tm-fr-all-v2.0_tp93_fr|0.027 tm-fr-all-v2.0_tp97_fr|0.375 ;ar;1931
indeplux-1931-02-25-a-i0014;na;local-elgu-YtG0FE-c;[redacted];BNL;LU;1931-02-25T00:00:00Z;N;True;False;indeplux-1931-02-25-a;fr;Munich|Luxembourg|Luxembourg|Belgique|Danemark;2;;indeplux;na;na;2,3;na;prince Félix|princesse Marguerite de Turn|M. Millot|Hugues de Somerghem|R. Schumann|Les Tournées|Jean Froment|B. Moreau, maître|Nouvel An, une jeune|MM. J. Funck|A. Schmit, trésorier|M. Jean Termann;na;0.0;536;CHRONIQUE LOCALE;tm-fr-all-v2.0_tp09_fr|0.023 tm-fr-all-v2.0_tp11_fr|0.057 tm-fr-all-v2.0_tp19_fr|0.092 tm-fr-all-v2.0_tp24_fr|0.128 tm-fr-all-v2.0_tp35_fr|0.03 tm-fr-all-v2.0_tp49_fr|0.29 tm-fr-all-v2.0_tp70_fr|0.043 tm-fr-all-v2.0_tp91_fr|0.145 ;ar;1931
indeplux-1931-02-25-a-i0017;na;local-elgu-YtG0FE-c;[redacted];BNL;LU;1931-02-25T00:00:00Z;N;True;False;indeplux-1931-02-25-a;fr;Dudelange|Dudelange;1;;indeplux;na;na;3;na;ouvrier N. Koenig|ouvrier Théodore Fraiture de Wiltz|époux Michel Weisen|Anne-Catherine Muller|M. Paul Schneider|M. Paul Schneider|Georges Conrady|M. Heinen|Antoine Kre|ouvrier Michel Feltgen de Larochette|M. Jean Schmit|M. Jean Schmit;na;0.0;1152;DANS LE PAYS;tm-fr-all-v2.0_tp11_fr|0.026 tm-fr-all-v2.0_tp24_fr|0.047 tm-fr-all-v2.0_tp28_fr|0.087 tm-fr-all-v2.0_tp30_fr|0.066 tm-fr-all-v2.0_tp40_fr|0.194 tm-fr-all-v2.0_tp57_fr|0.062 tm-fr-all-v2.0_tp84_fr|0.052 tm-fr-all-v2.0_tp97_fr|0.316 ;ar;1931
indeplux-1931-03-18-a-i0004;na;local-elgu-YtG0FE-c;[redacted];BNL;LU;1931-03-18T00:00:00Z;N;True;False;indeplux-1931-03-18-a;fr;Luxembourg|Luxembourg|Bruxelles|Luxembourg|Marche|Marche|Belgique|Luxembourg|Belgique|France|Biarritz|Strasbourg|Luxembourg|Luxembourg|Luxembourg|Louvain;2;;indeplux;na;na;2,3;na;Carton de Wiart|Emile Moütbruü|Prince Carnaval|Louis Missellit|L. Held|Les Tournées|Van Parys|Serge Weber|Willy Myral|Jane de Poumayrac|Ville de Luxembourg|prince Félix|nommé Louis Melchior|P. Beckius|M. Robert Redîng|Pierre Gtever de Niederanven;na;0.0;2262;CHRONIQUE LOCALE;tm-fr-all-v2.0_tp02_fr|0.032 tm-fr-all-v2.0_tp03_fr|0.028 tm-fr-all-v2.0_tp07_fr|0.04 tm-fr-all-v2.0_tp11_fr|0.064 tm-fr-all-v2.0_tp49_fr|0.117 tm-fr-all-v2.0_tp53_fr|0.115 tm-fr-all-v2.0_tp60_fr|0.026 tm-fr-all-v2.0_tp62_fr|0.034 tm-fr-all-v2.0_tp64_fr|0.033 tm-fr-all-v2.0_tp70_fr|0.189 tm-fr-all-v2.0_tp80_fr|0.022 tm-fr-all-v2.0_tp91_fr|0.041 tm-fr-all-v2.0_tp94_fr|0.043 tm-fr-all-v2.0_tp95_fr|0.027 ;ar;1931
indeplux-1932-02-01-a-i0029;na;local-elgu-YtG0FE-c;[redacted];BNL;LU;1932-02-01T00:00:00Z;N;True;False;indeplux-1932-02-01-a;fr;Angleterre|Italie|Espagne|Portugal|France|Proserpine|Proserpine|Rennes|Brest|Quimper|Angleterre|Rome|Angleterre;2;;indeplux;na;na;3,4;na;Marcel France;na;0.0;891;Les fêtes de février La Chandeleur — La Saint-Biaise — La Saint-Valent[...];tm-fr-all-v2.0_tp18_fr|0.103 tm-fr-all-v2.0_tp24_fr|0.182 tm-fr-all-v2.0_tp28_fr|0.155 tm-fr-all-v2.0_tp35_fr|0.069 tm-fr-all-v2.0_tp36_fr|0.022 tm-fr-all-v2.0_tp37_fr|0.167 tm-fr-all-v2.0_tp44_fr|0.035 tm-fr-all-v2.0_tp95_fr|0.036 ;ar;1932
indeplux-1932-02-04-a-i0022;na;local-elgu-YtG0FE-c;[redacted];BNL;LU;1932-02-04T00:00:00Z;N;True;False;indeplux-1932-02-04-a;fr;Esch-sur-Alzette|Luxembourg;1;;indeplux;na;na;3;na;M. M. Bausch|motocycliste A. Kariger|abbé William Reding|ouvrier Joseph Steffen;na;0.0;581;DANS LE PAYS;tm-fr-all-v2.0_tp02_fr|0.134 tm-fr-all-v2.0_tp11_fr|0.099 tm-fr-all-v2.0_tp22_fr|0.046 tm-fr-all-v2.0_tp24_fr|0.092 tm-fr-all-v2.0_tp28_fr|0.069 tm-fr-all-v2.0_tp40_fr|0.038 tm-fr-all-v2.0_tp61_fr|0.026 tm-fr-all-v2.0_tp95_fr|0.022 tm-fr-all-v2.0_tp97_fr|0.26 ;ar;1932
indeplux-1932-02-11-a-i0014;na;local-elgu-r9XQMr-6,local-elgu-YtG0FE-c;[redacted];BNL;LU;1932-02-11T00:00:00Z;N;True;False;indeplux-1932-02-11-a;fr;Luxembourg|Luxembourg|Nord|Denise|Denise|Denise|Denise|Denise|Denise|Nord|Luxembourg|Bruxelles|Belgique|Belgique|Sarrebourg|Luxembourg|Hongrie;1;;indeplux;na;na;2;na;M. Ernest Ludovicv|Les Tournées|M. John Tudor|M. John Tudor|Royale Madame|Etienne de Hedry;na;0.0;896;CHRONIQUE LOCALE;tm-fr-all-v2.0_tp02_fr|0.021 tm-fr-all-v2.0_tp18_fr|0.076 tm-fr-all-v2.0_tp19_fr|0.057 tm-fr-all-v2.0_tp21_fr|0.021 tm-fr-all-v2.0_tp49_fr|0.162 tm-fr-all-v2.0_tp51_fr|0.035 tm-fr-all-v2.0_tp53_fr|0.095 tm-fr-all-v2.0_tp61_fr|0.029 tm-fr-all-v2.0_tp69_fr|0.025 tm-fr-all-v2.0_tp78_fr|0.052 tm-fr-all-v2.0_tp83_fr|0.117 tm-fr-all-v2.0_tp91_fr|0.023 ;ar;1932
indeplux-1932-02-11-a-i0015;na;local-elgu-YtG0FE-c;[redacted];BNL;LU;1932-02-11T00:00:00Z;N;True;False;indeplux-1932-02-11-a;fr;Dudelange|Esch-sur-Alzette|Esch-sur-Alzette|Esch-sur-Alzette|Charlotte|Luxembourg|Moselle|Genève|Luxembourg|Luxembourg|Herborn;2;;indeplux;na;na;2,3;na;Dominique Dickes|M. Bettendorf|M. N. Bettendorf|M. Flesch, architecte|Nicolas Bettendorf, membre|Nicolas Bettendorf|Nicolas Bettendorf|ouvrier métallurgiste Michel Glesener|Joseph Kolbusch|M. Kayser|Emile Dider|M. Mathes|M. Bech|M. Mandy, conseiller|M. Bech, ministre d’Etat|M. Even|M. Even|Anne Muller|Jean Badensam|Balthasar Irack;na;0.0;2006;DANS LE PAYS;tm-fr-all-v2.0_tp11_fr|0.063 tm-fr-all-v2.0_tp21_fr|0.031 tm-fr-all-v2.0_tp45_fr|0.18 tm-fr-all-v2.0_tp48_fr|0.072 tm-fr-all-v2.0_tp67_fr|0.026 tm-fr-all-v2.0_tp78_fr|0.141 tm-fr-all-v2.0_tp91_fr|0.039 tm-fr-all-v2.0_tp93_fr|0.061 tm-fr-all-v2.0_tp97_fr|0.142 ;ar;1932
indeplux-1932-02-23-a-i0031;na;local-elgu-HdO6Ki4c,local-elgu-YtG0FE-c;[redacted];BNL;LU;1932-02-23T00:00:00Z;N;True;False;indeplux-1932-02-23-a;fr;Dudelange|Esch-sur-Alzette|Arlon;1;;indeplux;na;na;3;na;Alphonse Dahm|conducteur, M. Lucien Ernst|M. Jean Wilhelm|M. Jean Wilhelm|M. Jean Nepper|ouvrier Nicolas Clemens;na;0.0;603;DANS LE PAYS;tm-fr-all-v2.0_tp04_fr|0.066 tm-fr-all-v2.0_tp11_fr|0.151 tm-fr-all-v2.0_tp24_fr|0.05 tm-fr-all-v2.0_tp30_fr|0.14 tm-fr-all-v2.0_tp32_fr|0.059 tm-fr-all-v2.0_tp48_fr|0.159 tm-fr-all-v2.0_tp70_fr|0.021 tm-fr-all-v2.0_tp84_fr|0.04 tm-fr-all-v2.0_tp97_fr|0.18 ;ar;1932
indeplux-1933-02-24-a-i0049;na;local-elgu-YtG0FE-c;[redacted];BNL;LU;1933-02-24T00:00:00Z;N;True;False;indeplux-1933-02-24-a;fr;Luxembourg;1;;indeplux;na;na;3;na;;na;0.0;117;Publicité 1 Page 3;tm-fr-all-v2.0_tp02_fr|0.024 tm-fr-all-v2.0_tp24_fr|0.255 tm-fr-all-v2.0_tp35_fr|0.042 tm-fr-all-v2.0_tp40_fr|0.051 tm-fr-all-v2.0_tp51_fr|0.082 tm-fr-all-v2.0_tp56_fr|0.024 tm-fr-all-v2.0_tp97_fr|0.233 ;ad;1933
indeplux-1933-03-01-a-i0014;na;local-elgu-YtG0FE-c;[redacted];BNL;LU;1933-03-01T00:00:00Z;N;True;False;indeplux-1933-03-01-a;fr;Luxembourg|Bazar|Bazar|France|France|Luxembourg|Lorraine|Luxembourg|Luxembourg|Angleterre|Belgique|Luxembourg|Luxembourg|Luxembourg|Marche|Lorraine;1;;indeplux;na;na;3;na;Marcel Noppeney|Marcel Noppeney|Marcel Noppeney|M. Antoine Funck|M. Antoine Funck|M. Oster, conseiller|Robin Ilood|Ste Thérèse de Gas|M. Linden;na;0.0;1475;CHRONIQUE LOCALE;tm-fr-all-v2.0_tp11_fr|0.022 tm-fr-all-v2.0_tp24_fr|0.055 tm-fr-all-v2.0_tp37_fr|0.025 tm-fr-all-v2.0_tp45_fr|0.247 tm-fr-all-v2.0_tp47_fr|0.093 tm-fr-all-v2.0_tp48_fr|0.058 tm-fr-all-v2.0_tp49_fr|0.172 tm-fr-all-v2.0_tp55_fr|0.088 tm-fr-all-v2.0_tp60_fr|0.026 tm-fr-all-v2.0_tp64_fr|0.028 tm-fr-all-v2.0_tp80_fr|0.042 ;ar;1933
indeplux-1933-03-01-a-i0015;na;local-elgu-YtG0FE-c;[redacted];BNL;LU;1933-03-01T00:00:00Z;N;True;False;indeplux-1933-03-01-a;fr;Hamm|Esch-sur-Alzette|Ardennes|Longwy|Esch-sur-Alzette;1;;indeplux;na;na;3;na;ouvrier Eugène Hamtiaux|A. Weiter|Jean Hoffmann|Président, Pierre Thorn|Fernand Margaril|Auguste Faber|M. Schmit, instituteur|J. Michels|époux E. Agnes;na;0.0;843;DANS LE PAYS;tm-fr-all-v2.0_tp11_fr|0.166 tm-fr-all-v2.0_tp23_fr|0.023 tm-fr-all-v2.0_tp45_fr|0.163 tm-fr-all-v2.0_tp48_fr|0.305 tm-fr-all-v2.0_tp78_fr|0.026 tm-fr-all-v2.0_tp84_fr|0.033 tm-fr-all-v2.0_tp97_fr|0.098 ;ar;1933
indeplux-1933-03-02-a-i0026;na;local-elgu-YtG0FE-c;[redacted];BNL;LU;1933-03-02T00:00:00Z;N;True;False;indeplux-1933-03-02-a;fr;Luxembourg|Luxembourg|Bruxelles|Luxembourg|Nancy|Metz|Verdun|Verdun|Verdun|Luxembourg|Verdun|Longwy|Nord|France|Luxembourg|Metz|Paris;2;;indeplux;na;na;3,4;na;ouvrier Engène Hamtiaux|veuve Joseph Hoffmann|Clémentine Dresch|M. Michel Witry|M. Michel Witry|M. Michel Kettar|M. Jean|Michel Eck-Anne|président Thorn|président, M. Thorn|Ville de Longwy|Hortense Becker, épouse|Adolphe Cené|M. Jacques Laux|M. Jacques Laux|Jacques Escheid|Georges Kretchner|veuve Eugène Moulin|mineur Mathias Decker|Prince Henri|Michel Ries|M. Ries, vétérinaire|M. Ries|ouvrier Jean Kettel de Rollingen|ouvrier Jean Kettel de Rollingen;na;0.0;1928;DANS LE PAYS;tm-fr-all-v2.0_tp11_fr|0.055 tm-fr-all-v2.0_tp26_fr|0.034 tm-fr-all-v2.0_tp40_fr|0.129 tm-fr-all-v2.0_tp45_fr|0.101 tm-fr-all-v2.0_tp48_fr|0.156 tm-fr-all-v2.0_tp70_fr|0.172 tm-fr-all-v2.0_tp72_fr|0.031 tm-fr-all-v2.0_tp84_fr|0.048 tm-fr-all-v2.0_tp97_fr|0.122 ;ar;1933
indeplux-1933-03-03-a-i0025;na;local-elgu-YtG0FE-c;[redacted];BNL;LU;1933-03-03T00:00:00Z;N;True;False;indeplux-1933-03-03-a;fr;Luxembourg|Luxembourg|Luxembourg|Luxembourg|Luxembourg|Luxembourg|Hamm;1;;indeplux;na;na;3;na;M. A. Bey|Ville de Luxembourg|ouvrier Michel Hei|Polonais Léopold Reichert|Prince Félix|M. Muller|Jules Neuberg|Pierre Wahl|monteur Nicolas Thibo|directeur Thiry|Mme Maurice Pescatore;na;0.0;1092;AVENTURES DU CAPITAINE SAINT-CLAIR;tm-fr-all-v2.0_tp21_fr|0.064 tm-fr-all-v2.0_tp30_fr|0.038 tm-fr-all-v2.0_tp40_fr|0.065 tm-fr-all-v2.0_tp43_fr|0.19 tm-fr-all-v2.0_tp51_fr|0.061 tm-fr-all-v2.0_tp69_fr|0.078 tm-fr-all-v2.0_tp80_fr|0.078 tm-fr-all-v2.0_tp91_fr|0.078 tm-fr-all-v2.0_tp95_fr|0.022 tm-fr-all-v2.0_tp97_fr|0.168 ;ar;1933
indeplux-1933-03-03-a-i0026;na;local-elgu-YtG0FE-c;[redacted];BNL;LU;1933-03-03T00:00:00Z;N;True;False;indeplux-1933-03-03-a;fr;Eschweiler|Luxembourg;2;;indeplux;na;na;3,4;na;Nicolas Roeser de Luxembourg|Nicolas Roeser de Luxembourg|Jean Jupg-Berwick|Jean Goergen|Italien Pasquale Agari;na;0.0;465;DANS LE PAYS;tm-fr-all-v2.0_tp30_fr|0.03 tm-fr-all-v2.0_tp40_fr|0.345 tm-fr-all-v2.0_tp42_fr|0.046 tm-fr-all-v2.0_tp48_fr|0.037 tm-fr-all-v2.0_tp84_fr|0.023 tm-fr-all-v2.0_tp95_fr|0.03 tm-fr-all-v2.0_tp97_fr|0.31 ;ar;1933
indeplux-1933-03-04-a-i0025;na;local-elgu-YtG0FE-c;[redacted];BNL;LU;1933-03-04T00:00:00Z;N;True;False;indeplux-1933-03-04-a;fr;Luxembourg;1;;indeplux;na;na;3;na;Michel Emering de Munsbach|peintre Jean-Pierre Roderes|Prince Henri;na;0.0;433;DANS LE PAYS;tm-fr-all-v2.0_tp30_fr|0.022 tm-fr-all-v2.0_tp40_fr|0.197 tm-fr-all-v2.0_tp84_fr|0.062 tm-fr-all-v2.0_tp97_fr|0.582 ;ar;1933
indeplux-1933-03-04-a-i0029;na;local-elgu-YtG0FE-c;[redacted];BNL;LU;1933-03-04T00:00:00Z;N;True;False;indeplux-1933-03-04-a;fr;France|Baza|Luxembourg;1;;indeplux;na;na;3;na;M. Jourdain|M. Jourdain|M. Jourdain|M. Jourdain|M. de Fré|Mme G. Monty|Mme Andrée Gruet;na;0.0;854;Chronique théâtrale Molière: Le Bourgeois Gentilhomme;tm-fr-all-v2.0_tp18_fr|0.169 tm-fr-all-v2.0_tp19_fr|0.074 tm-fr-all-v2.0_tp49_fr|0.347 tm-fr-all-v2.0_tp55_fr|0.278 tm-fr-all-v2.0_tp85_fr|0.021 ;ar;1933
indeplux-1934-02-13-a-i0024;na;local-elgu-YtG0FE-c;[redacted];BNL;LU;1934-02-13T00:00:00Z;N;True;False;indeplux-1934-02-13-a;fr;Luxembourg|Luxembourg|Luxembourg|Lorraine|Luxembourg|Bazar|Luxembourg|France|France|France|Luxembourg;2;;indeplux;na;na;3,4;na;M. Hubert Campill;na;0.0;1009;CHRONIQUE LOCALE;tm-fr-all-v2.0_tp21_fr|0.052 tm-fr-all-v2.0_tp22_fr|0.027 tm-fr-all-v2.0_tp24_fr|0.183 tm-fr-all-v2.0_tp35_fr|0.021 tm-fr-all-v2.0_tp44_fr|0.074 tm-fr-all-v2.0_tp45_fr|0.133 tm-fr-all-v2.0_tp49_fr|0.037 tm-fr-all-v2.0_tp67_fr|0.133 tm-fr-all-v2.0_tp69_fr|0.03 tm-fr-all-v2.0_tp85_fr|0.083 tm-fr-all-v2.0_tp90_fr|0.039 ;ar;1934
indeplux-1934-02-13-a-i0027;na;local-elgu-YtG0FE-c;[redacted];BNL;LU;1934-02-13T00:00:00Z;N;True;False;indeplux-1934-02-13-a;fr;Dudelange|Beaufort|Luxembourg|Luxembourg;1;;indeplux;na;na;4;na;M. J. Becker|Henri Wirth|M. Aloyse Jacques, boucher|M. Olinger;na;0.0;589;DANS LE PAYS;tm-fr-all-v2.0_tp11_fr|0.079 tm-fr-all-v2.0_tp30_fr|0.048 tm-fr-all-v2.0_tp40_fr|0.253 tm-fr-all-v2.0_tp82_fr|0.029 tm-fr-all-v2.0_tp86_fr|0.035 tm-fr-all-v2.0_tp91_fr|0.098 tm-fr-all-v2.0_tp97_fr|0.258 ;ar;1934
indeplux-1934-02-14-a-i0022;na;local-elgu-r9XQMr-6,local-elgu-YtG0FE-c;[redacted];BNL;LU;1934-02-14T00:00:00Z;N;True;False;indeplux-1934-02-14-a;fr;Moselle|Allemagne;1;;indeplux;na;na;3;na;ouvrier Adam Schoet|M. Klopp|M. Klopp|M. Harsch, pharmacien;na;0.0;801;DANS LE PAYS;tm-fr-all-v2.0_tp11_fr|0.047 tm-fr-all-v2.0_tp17_fr|0.067 tm-fr-all-v2.0_tp40_fr|0.128 tm-fr-all-v2.0_tp48_fr|0.148 tm-fr-all-v2.0_tp70_fr|0.028 tm-fr-all-v2.0_tp78_fr|0.035 tm-fr-all-v2.0_tp91_fr|0.14 tm-fr-all-v2.0_tp97_fr|0.191 ;ar;1934
indeplux-1934-02-15-a-i0018;na;local-elgu-YtG0FE-c;[redacted];BNL;LU;1934-02-15T00:00:00Z;N;True;False;indeplux-1934-02-15-a;fr;Dudelange|Dudelange|Dudelange;2;;indeplux;na;na;3,4;na;M. Weber|François Klepper-Brendçl|M. Jacoby|Michel Polfer|italien Giovanni Testa|M. Emile|M. Henri Feltgen|M. Albert|M. Gustave Eyschen, secrétaire|M. Léopold Olinger, boucher|Pierre Sadler|ouvrier Mathias Weiller|M. Math|M. Schwall;na;0.0;1157;DANS LE PAYS;tm-fr-all-v2.0_tp40_fr|0.223 tm-fr-all-v2.0_tp41_fr|0.021 tm-fr-all-v2.0_tp48_fr|0.123 tm-fr-all-v2.0_tp91_fr|0.066 tm-fr-all-v2.0_tp93_fr|0.035 tm-fr-all-v2.0_tp97_fr|0.376 ;ar;1934
indeplux-1934-12-08-a-i0009;na;local-elgu-HdO6Ki4c,local-elgu-YtG0FE-c;[redacted];BNL;LU;1934-12-08T00:00:00Z;N;True;False;indeplux-1934-12-08-a;fr;Marche|Italie|Paris|Suisse|Luxembourg|Luxembourg|Luxembourg|Berlin|Prague|Suisse|Luxembourg|Luxembourg|Luxembourg|Belgique|Luxembourg|Thionville|Luxembourg|Bruxelles|Luxembourg|Luxembourg|Rome|Belgique|Bruxelles|Belgique|Belgique|Luxembourg|Ardennes|Luxembourg;2;;indeplux;na;na;2,3;na;E. Titl|G. Verdi|F. Mertens|Jacqueline Schweitzer|Jacqueline Schweitzer|violoniste Jehudi Menuhin|Jacqueline Schweitzer, soliste|MM. Marcel Hostert|Antoine Hirsch|MM. Charles Thill|Robert Wenandy|M. J. Mousel|MM. Joseph Weydert|Arthur Oberlinckels de Diekirch|M. Guillaume Hulsemann|M. Nicolas Poinsignon|M. Joseph Wallers|M. Guillaume Thoss|M. Michel Hever|MM. Jean Hary|M. Franz Hellens|Auguste Donnen|Léon Moulin|Marcel Van Divoet|Hary Hagen|Camille Cre|Carmen Zitta|Les Gendarmes|M. Jean Borck|M. F. Mertens|Ville de Luxembourg|Gregor Piatigorski|Henri Pensis|violoncelliste Gregor Piatigorski|Robert Schumann|Léonore III de Beethoven|César Franck|Hector Berlioz|Robert Schumann|Hector Berlioz|Hector Berlioz, le grand compositeur français|Benvenuto Cellini|Van Der Graaf|M. Edouard Jaa|M. N. Duren, directeur|Alfred Loesch|Me Alfred Loesch|M. Lucien Salentiny|luxembourgeois Jean Wolff|John Grün|M. Nie|M. Armand Berte, rentier|M. N. Reiland;na;0.0;1981;CHRONIQUE LOCALE;tm-fr-all-v2.0_tp24_fr|0.033 tm-fr-all-v2.0_tp35_fr|0.054 tm-fr-all-v2.0_tp40_fr|0.024 tm-fr-all-v2.0_tp45_fr|0.103 tm-fr-all-v2.0_tp47_fr|0.052 tm-fr-all-v2.0_tp70_fr|0.159 tm-fr-all-v2.0_tp73_fr|0.07 tm-fr-all-v2.0_tp74_fr|0.023 tm-fr-all-v2.0_tp84_fr|0.028 tm-fr-all-v2.0_tp94_fr|0.078 tm-fr-all-v2.0_tp96_fr|0.139 tm-fr-all-v2.0_tp99_fr|0.074 ;ar;1934
luxembourg1935-1936-02-27-a-i0029;Closed;local-elgu-r9XQMr-6,local-elgu-YtG0FE-c;[redacted];BNL;LU;1936-02-27T00:00:00Z;N;True;False;luxembourg1935-1936-02-27-a;fr;;1;;luxembourg1935;na;Generalist;3;na;;na;0.0;31;Pétange. —;tm-fr-all-v2.0_tp24_fr|0.049 tm-fr-all-v2.0_tp25_fr|0.061 tm-fr-all-v2.0_tp34_fr|0.049 tm-fr-all-v2.0_tp38_fr|0.083 tm-fr-all-v2.0_tp61_fr|0.205 tm-fr-all-v2.0_tp75_fr|0.027 ;ar;1936
luxembourg1935-1937-02-05-a-i0024;Closed;local-elgu-r9XQMr-6,local-elgu-YtG0FE-c;[redacted];BNL;LU;1937-02-05T00:00:00Z;N;True;False;luxembourg1935-1937-02-05-a;fr;;1;;luxembourg1935;na;Generalist;3;na;;na;0.0;49;Differdange.;tm-fr-all-v2.0_tp12_fr|0.027 tm-fr-all-v2.0_tp16_fr|0.027 tm-fr-all-v2.0_tp24_fr|0.107 tm-fr-all-v2.0_tp27_fr|0.035 tm-fr-all-v2.0_tp36_fr|0.035 tm-fr-all-v2.0_tp53_fr|0.107 tm-fr-all-v2.0_tp56_fr|0.043 tm-fr-all-v2.0_tp81_fr|0.123 ;ar;1937
luxembourg1935-1937-02-10-a-i0028;Closed;local-elgu-r9XQMr-6,local-elgu-YtG0FE-c;[redacted];BNL;LU;1937-02-10T00:00:00Z;N;True;False;luxembourg1935-1937-02-10-a;fr;Luxembourg;1;;luxembourg1935;na;Generalist;3;na;;na;0.0;24;Masques;tm-fr-all-v2.0_tp03_fr|0.02 tm-fr-all-v2.0_tp30_fr|0.02 tm-fr-all-v2.0_tp48_fr|0.062 tm-fr-all-v2.0_tp54_fr|0.02 tm-fr-all-v2.0_tp60_fr|0.034 tm-fr-all-v2.0_tp61_fr|0.201 tm-fr-all-v2.0_tp66_fr|0.02 tm-fr-all-v2.0_tp72_fr|0.02 tm-fr-all-v2.0_tp78_fr|0.034 ;ar;1937
luxembourg1935-1939-01-11-a-i0035;Closed;local-elgu-YtG0FE-c;[redacted];BNL;LU;1939-01-11T00:00:00Z;N;True;False;luxembourg1935-1939-01-11-a;fr;Perry;1;;luxembourg1935;na;Generalist;4;na;Johann Strauss|Rosalinde von Eisenstein|Johann Strauss|Hilde Hellmuth|Ruth Kruger, MM.|Ernst Markwardt|Karl Heinz Kaiser|Franz Fuss|Rolf Burin|Werner Creutzburg|Robert Rohde|MM. Kan Turcke|Kurt Hedrich;na;0.0;489;Théâtre Municipal — Die Flederinaus Opérette en 3 actes de Johann Stra[...];tm-fr-all-v2.0_tp18_fr|0.128 tm-fr-all-v2.0_tp42_fr|0.109 tm-fr-all-v2.0_tp49_fr|0.355 tm-fr-all-v2.0_tp83_fr|0.021 tm-fr-all-v2.0_tp84_fr|0.021 tm-fr-all-v2.0_tp94_fr|0.058 tm-fr-all-v2.0_tp96_fr|0.022 tm-fr-all-v2.0_tp97_fr|0.074 ;ar;1939
luxembourg1935-1939-06-06-a-i0035;Closed;local-elgu-YtG0FE-c;[redacted];BNL;LU;1939-06-06T00:00:00Z;N;True;False;luxembourg1935-1939-06-06-a;fr;de New -York|New-York|Manhattan|New-York|New-York|New-York|Paris;1;;luxembourg1935;na;Generalist;4;na;nommé Joseph Schaed|Michel Stoffel, Président du;na;0.0;922;L’Exposifion de New -York et la par- ticipation luxembourgeoise;tm-fr-all-v2.0_tp07_fr|0.283 tm-fr-all-v2.0_tp24_fr|0.057 tm-fr-all-v2.0_tp31_fr|0.054 tm-fr-all-v2.0_tp72_fr|0.075 tm-fr-all-v2.0_tp77_fr|0.033 tm-fr-all-v2.0_tp78_fr|0.303 ;ar;1939
luxembourg1935-1939-10-28-a-i0010;Closed;local-elgu-YtG0FE-c;[redacted];BNL;LU;1939-10-28T00:00:00Z;N;True;False;luxembourg1935-1939-10-28-a;fr;Luxembourg|Esch-sur-Alzette;1;;luxembourg1935;na;Generalist;2;na;Ste Vierge|Ste Vierge;na;0.0;193;Communiqué officiel;tm-fr-all-v2.0_tp02_fr|0.051 tm-fr-all-v2.0_tp22_fr|0.048 tm-fr-all-v2.0_tp24_fr|0.183 tm-fr-all-v2.0_tp28_fr|0.069 tm-fr-all-v2.0_tp61_fr|0.236 tm-fr-all-v2.0_tp72_fr|0.023 tm-fr-all-v2.0_tp86_fr|0.082 ;ar;1939
luxland-1987-03-13-a-i0002;Closed;local-elgu-YtG0FE-c;[redacted];BNL;LU;1987-03-13T00:00:00Z;N;True;False;luxland-1987-03-13-a;fr;Italie;1;;luxland;na;Generalist;2;na;Georges Ibrahim Abdallah|Charles Pasqua;na;0.0;789;Les propos du potinier;tm-fr-all-v2.0_tp03_fr|0.041 tm-fr-all-v2.0_tp25_fr|0.065 tm-fr-all-v2.0_tp28_fr|0.024 tm-fr-all-v2.0_tp42_fr|0.168 tm-fr-all-v2.0_tp44_fr|0.222 tm-fr-all-v2.0_tp89_fr|0.099 tm-fr-all-v2.0_tp98_fr|0.189 ;ar;1987
luxland-1988-02-12-a-i0002;Closed;local-elgu-YtG0FE-c;[redacted];BNL;LU;1988-02-12T00:00:00Z;N;True;False;luxland-1988-02-12-a;fr;Maurice|Maurice;1;;luxland;na;Generalist;2;na;Jacques Fanfaron|Jacques Fanfaron|Jacques Fanfaron|Jacques Fanfaron;na;0.0;698;Les propos du potinier;tm-fr-all-v2.0_tp36_fr|0.124 tm-fr-all-v2.0_tp37_fr|0.089 tm-fr-all-v2.0_tp42_fr|0.086 tm-fr-all-v2.0_tp44_fr|0.131 tm-fr-all-v2.0_tp64_fr|0.08 tm-fr-all-v2.0_tp80_fr|0.022 tm-fr-all-v2.0_tp88_fr|0.049 tm-fr-all-v2.0_tp89_fr|0.031 tm-fr-all-v2.0_tp98_fr|0.14 ;ar;1988
luxland-1997-02-07-a-i0072;Closed;local-elgu-YtG0FE-c;[redacted];BNL;LU;1997-02-07T00:00:00Z;N;True;False;luxland-1997-02-07-a;fr;Venise;1;;luxland;na;Generalist;2;na;Les Fuesentskichelcher|Gabrielle Seil;na;0.0;745;Entrée libre;tm-fr-all-v2.0_tp24_fr|0.139 tm-fr-all-v2.0_tp25_fr|0.035 tm-fr-all-v2.0_tp30_fr|0.05 tm-fr-all-v2.0_tp36_fr|0.032 tm-fr-all-v2.0_tp44_fr|0.235 tm-fr-all-v2.0_tp49_fr|0.044 tm-fr-all-v2.0_tp77_fr|0.073 tm-fr-all-v2.0_tp85_fr|0.211 ;ar;1997
luxland-1997-06-27-a-i0009;Closed;local-elgu-YtG0FE-c;[redacted];BNL;LU;1997-06-27T00:00:00Z;N;True;False;luxland-1997-06-27-a;fr;Luxembourg|Luxembourg|Luxembourg|Luxembourg|Luxembourg|Luxembourg|Luxembourg|Luxembourg|Luxembourg|Luxembourg|Luxembourg|Luxembourg|Luxembourg|Luxembourg|Paris|Paris|Luxembourg|Luxembourg|Luxembourg|Luxembourg|Luxembourg|Luxembourg|Luxembourg;1;;luxland;na;Generalist;4;na;John Myerscough|John Myerscough|Claude Frisoni|Claude Frisoni|John Myerscough|Champs Élysées|Martin Linster;na;0.0;1127;Laudatio creuse;tm-fr-all-v2.0_tp07_fr|0.045 tm-fr-all-v2.0_tp24_fr|0.068 tm-fr-all-v2.0_tp37_fr|0.036 tm-fr-all-v2.0_tp44_fr|0.052 tm-fr-all-v2.0_tp56_fr|0.034 tm-fr-all-v2.0_tp66_fr|0.15 tm-fr-all-v2.0_tp73_fr|0.041 tm-fr-all-v2.0_tp80_fr|0.022 tm-fr-all-v2.0_tp87_fr|0.244 tm-fr-all-v2.0_tp92_fr|0.097 ;ar;1997
luxland-1998-03-06-a-i0081;Closed;local-elgu-YtG0FE-c;[redacted];BNL;LU;1998-03-06T00:00:00Z;N;True;False;luxland-1998-03-06-a;fr;;1;;luxland;na;Generalist;18;na;;na;0.0;511;Maux dits d'Yvan;tm-fr-all-v2.0_tp10_fr|0.042 tm-fr-all-v2.0_tp26_fr|0.119 tm-fr-all-v2.0_tp28_fr|0.026 tm-fr-all-v2.0_tp30_fr|0.059 tm-fr-all-v2.0_tp36_fr|0.034 tm-fr-all-v2.0_tp55_fr|0.051 tm-fr-all-v2.0_tp57_fr|0.03 tm-fr-all-v2.0_tp68_fr|0.041 tm-fr-all-v2.0_tp85_fr|0.296 tm-fr-all-v2.0_tp87_fr|0.095 ;ar;1998
luxland-1998-07-24-a-i0049;Closed;local-elgu-YtG0FE-c;[redacted];BNL;LU;1998-07-24T00:00:00Z;N;True;False;luxland-1998-07-24-a;fr;Luxembourg|Paris|Halle|Cologne|Allemagne|Japon|Luxembourg|Metz|Arlon|Luxembourg|Cap Vert|Konz|Konstanz;1;;luxland;na;Generalist;12;na;Paul Eubel, directeur|David Nash|Paul Eubel|Kenny Scharf|Horst Janssen|sculpteur Thomas Lenk|Moritz Ney|Francis Blanche|Rainer Maria Rilke|Marcel Wengler|Jean Schumacher|Walter Civitareale|Pierre Nimax|professeur Werner Mezger|Anne Schmitt|Fabienne Krämer|Raymond Clement Niki de Saint;na;0.0;941;Folklore;tm-fr-all-v2.0_tp07_fr|0.201 tm-fr-all-v2.0_tp24_fr|0.058 tm-fr-all-v2.0_tp30_fr|0.252 tm-fr-all-v2.0_tp36_fr|0.106 tm-fr-all-v2.0_tp52_fr|0.039 tm-fr-all-v2.0_tp55_fr|0.052 tm-fr-all-v2.0_tp77_fr|0.036 tm-fr-all-v2.0_tp80_fr|0.039 ;ar;1998
luxland-1999-12-24-a-i0007;Closed;local-elgu-YtG0FE-c;[redacted];BNL;LU;1999-12-24T00:00:00Z;N;True;False;luxland-1999-12-24-a;fr;Asti|Asti|Asti|Asti|Asti|Luxembourg|Asti|Asti|Asti|Luxembourg|Asti|Luxembourg|Asti|Asti|Asti|Luxembourg|Asti|Asti|Asti|Asti|Mission;2;;luxland;na;Generalist;6,7;na;Boris Groys|président, Serge Kollwelter|Renato Cescutti|Serge Kollwelter|Serge Kollwelter|Serge Kollwclter|Serge Kollwelter|Serge Kollwelter|Serge Kollwelter|Serge Kollwelter|Serge Kollwelter|Frank Feitler;na;0.0;1303;Contre la non-politique;tm-fr-all-v2.0_tp04_fr|0.031 tm-fr-all-v2.0_tp24_fr|0.106 tm-fr-all-v2.0_tp32_fr|0.075 tm-fr-all-v2.0_tp46_fr|0.106 tm-fr-all-v2.0_tp58_fr|0.04 tm-fr-all-v2.0_tp87_fr|0.144 tm-fr-all-v2.0_tp92_fr|0.195 tm-fr-all-v2.0_tp98_fr|0.084 ;ar;1999
luxland-2001-03-09-a-i0028;Closed;local-elgu-YtG0FE-c;[redacted];BNL;LU;2001-03-09T00:00:00Z;N;True;False;luxland-2001-03-09-a;fr;Suisse|Luxembourg|Namur;1;;luxland;na;Generalist;15;na;Yvan Publicités|W. C. Fields;na;0.0;460;Maux dits d'Yvan;tm-fr-all-v2.0_tp04_fr|0.033 tm-fr-all-v2.0_tp10_fr|0.05 tm-fr-all-v2.0_tp18_fr|0.021 tm-fr-all-v2.0_tp24_fr|0.107 tm-fr-all-v2.0_tp32_fr|0.028 tm-fr-all-v2.0_tp44_fr|0.026 tm-fr-all-v2.0_tp46_fr|0.05 tm-fr-all-v2.0_tp55_fr|0.25 tm-fr-all-v2.0_tp64_fr|0.074 tm-fr-all-v2.0_tp72_fr|0.028 tm-fr-all-v2.0_tp77_fr|0.038 tm-fr-all-v2.0_tp85_fr|0.026 ;ar;2001
luxland-2001-08-17-a-i0003;Closed;local-elgu-YtG0FE-c;[redacted];BNL;LU;2001-08-17T00:00:00Z;N;True;False;luxland-2001-08-17-a;fr;OUs|OUs|Luxembourg|Stade|Luxembourg|Luxembourg|Luxembourg|Luxembourg|Luxembourg|Belgique|Luxembourg|Luxembourg|Luxembourg|Luxembourg|Stade;1;;luxland;na;Generalist;5;na;Laurent Loseheller|Emile Mavrisch|Marilyn Manson|Brian Molko|Brian Molko|Brian Molko|Brian Molko|Guy Assa de la Ville|Marc Binsfeld|Hermann Schurremanns|Rock Werchterou|Rock Werchler|Raquel Barnim|Les Cornelius|Lydia Mutsch|Lydia Mutsch|Lydia Mutsch|Emile Mayrisch|Raquel Barreira|Tiger Fernandez|Laurent Loschetter;na;0.0;1799;Rêves d'adolescents;tm-fr-all-v2.0_tp08_fr|0.106 tm-fr-all-v2.0_tp24_fr|0.267 tm-fr-all-v2.0_tp31_fr|0.04 tm-fr-all-v2.0_tp44_fr|0.141 tm-fr-all-v2.0_tp56_fr|0.023 tm-fr-all-v2.0_tp77_fr|0.034 tm-fr-all-v2.0_tp92_fr|0.104 tm-fr-all-v2.0_tp96_fr|0.1 ;ar;2001
luxland-2004-02-20-a-i0080;Closed;local-elgu-YtG0FE-c;[redacted];BNL;LU;2004-02-20T00:00:00Z;N;True;False;luxland-2004-02-20-a;fr;Esch-sur-Alzette|Luxembourg|Nord;1;;luxland;na;Generalist;29;na;Véronique Poujol|Michel Rodange;na;0.0;1438;Le pouvoir des élèves;tm-fr-all-v2.0_tp18_fr|0.058 tm-fr-all-v2.0_tp42_fr|0.196 tm-fr-all-v2.0_tp51_fr|0.048 tm-fr-all-v2.0_tp87_fr|0.123 tm-fr-all-v2.0_tp95_fr|0.244 tm-fr-all-v2.0_tp99_fr|0.217 ;ar;2004
luxland-2004-05-07-a-i0072;Closed;local-elgu-YtG0FE-c;[redacted];BNL;LU;2004-05-07T00:00:00Z;N;True;False;luxland-2004-05-07-a;fr;Luxembourg|Nord|Luxembourg|Luxembourg|Luxembourg|Luxembourg|Nord|Luxembourg|Luxembourg|Luxembourg|France|Belgique|Allemagne|Suisse|France|Luxembourg|Nord|Nord|Japon;1;;luxland;na;Generalist;35;na;Véronique Poujol Lis|Nico Simon|Nico Simon|Disney Is|Nico Simon|Thierry Nothum, secrétaire général|Nico Simon|Nico Simon;na;0.0;1660;DVD Zone 1;tm-fr-all-v2.0_tp15_fr|0.029 tm-fr-all-v2.0_tp31_fr|0.096 tm-fr-all-v2.0_tp49_fr|0.055 tm-fr-all-v2.0_tp63_fr|0.078 tm-fr-all-v2.0_tp66_fr|0.026 tm-fr-all-v2.0_tp71_fr|0.096 tm-fr-all-v2.0_tp72_fr|0.128 tm-fr-all-v2.0_tp73_fr|0.078 tm-fr-all-v2.0_tp77_fr|0.154 tm-fr-all-v2.0_tp87_fr|0.03 tm-fr-all-v2.0_tp95_fr|0.057 ;ar;2004
obermosel-1946-02-08-a-i0005;Closed;local-elgu-YtG0FE-c;[redacted];BNL;LU;1946-02-08T00:00:00Z;N;True;False;obermosel-1946-02-08-a;fr;Luxembourg;1;;obermosel;na;Generalist;2;na;René Delporte|René Benedettti|Jean Pleger|César Franck|Romain de Berlioz|Jean Pleger|M. René Delporte|Arthur de Greef|René Delporte|M. René Benedetti|M. René Benedetti|Gracieuse Famille;na;0.0;1062;Concert symphonique par l’Orchestre de Radio-Luxembourg;tm-fr-all-v2.0_tp18_fr|0.042 tm-fr-all-v2.0_tp44_fr|0.024 tm-fr-all-v2.0_tp45_fr|0.068 tm-fr-all-v2.0_tp78_fr|0.164 tm-fr-all-v2.0_tp85_fr|0.054 tm-fr-all-v2.0_tp96_fr|0.498 ;ar;1946
